"Time / s","GaNFET 1","GaNFET 2","GaNFET 3","GaNFET 4","GaNFET 5","GaNFET 6","MOSFET 7","MOSFET 8"
1.300000e+00,4.218846e+01,4.218310e+01,4.219234e+01,4.219268e+01,4.218432e+01,4.218961e+01,3.754172e+01,3.845279e+01
