"Time / s","GaNFET 1","GaNFET 2","GaNFET 3","GaNFET 4","GaNFET 5","GaNFET 6","MOSFET 7","MOSFET 8"
1.300000e+00,4.397287e+01,4.396657e+01,4.397699e+01,4.397725e+01,4.396785e+01,4.397397e+01,3.901589e+01,3.993464e+01
