"Time / s","GaNFET 1","GaNFET 2","GaNFET 3","GaNFET 4","GaNFET 5","GaNFET 6","MOSFET 7","MOSFET 8"
1.300000e+00,4.517470e+01,4.516772e+01,4.517901e+01,4.517921e+01,4.516898e+01,4.517573e+01,4.000587e+01,4.092883e+01
