"Time / s","GaNFET 1","GaNFET 2","GaNFET 3","GaNFET 4","GaNFET 5","GaNFET 6","MOSFET 7","MOSFET 8"
1.300000e+00,4.638652e+01,4.637898e+01,4.639113e+01,4.639142e+01,4.638031e+01,4.638767e+01,4.099860e+01,4.192341e+01
