"Time / s","GaNFET 1","GaNFET 2","GaNFET 3","GaNFET 4","GaNFET 5","GaNFET 6","MOSFET 7","MOSFET 8"
1.300000e+00,4.760826e+01,4.760014e+01,4.761310e+01,4.761338e+01,4.760149e+01,4.760941e+01,4.199330e+01,4.291721e+01
