"Time / s","GaNFET 1","GaNFET 2","GaNFET 3","GaNFET 4","GaNFET 5","GaNFET 6","MOSFET 7","MOSFET 8"
1.300000e+00,4.946058e+01,4.945166e+01,4.946571e+01,4.946603e+01,4.945302e+01,4.946173e+01,4.349331e+01,4.441267e+01
