"Time / s","GaNFET 1","GaNFET 2","GaNFET 3","GaNFET 4","GaNFET 5","GaNFET 6","MOSFET 7","MOSFET 8"
1.300000e+00,5.133465e+01,5.132492e+01,5.133995e+01,5.134014e+01,5.132614e+01,5.133563e+01,4.500637e+01,4.591816e+01
