"Time / s","GaNFET 1","GaNFET 2","GaNFET 3","GaNFET 4","GaNFET 5","GaNFET 6","MOSFET 7","MOSFET 8"
1.300000e+00,5.196422e+01,5.195431e+01,5.196964e+01,5.196986e+01,5.195555e+01,5.196523e+01,4.551429e+01,4.642253e+01
