"Time / s","GaNFET 1","GaNFET 2","GaNFET 3","GaNFET 4","GaNFET 5","GaNFET 6","MOSFET 7","MOSFET 8"
1.300000e+00,5.386764e+01,5.385720e+01,5.387360e+01,5.387395e+01,5.385859e+01,5.386878e+01,4.704461e+01,4.794003e+01
