"Time / s","GaNFET 1","GaNFET 2","GaNFET 3","GaNFET 4","GaNFET 5","GaNFET 6","MOSFET 7","MOSFET 8"
1.300000e+00,5.839882e+01,5.838756e+01,5.840582e+01,5.840612e+01,5.838896e+01,5.839993e+01,5.061850e+01,5.149121e+01
