"Time / s","GaNFET 1","GaNFET 2","GaNFET 3","GaNFET 4","GaNFET 5","GaNFET 6","MOSFET 7","MOSFET 8"
1.300000e+00,6.575473e+01,6.574284e+01,6.576343e+01,6.576371e+01,6.574431e+01,6.575583e+01,5.633509e+01,5.719588e+01
