"Time / s","GaNFET 1","GaNFET 2","GaNFET 3","GaNFET 4","GaNFET 5","GaNFET 6","MOSFET 7","MOSFET 8"
1.300000e+00,6.643944e+01,6.642754e+01,6.644832e+01,6.644864e+01,6.642902e+01,6.644053e+01,5.686057e+01,5.772168e+01
