"Time / s","GaNFET 1","GaNFET 2","GaNFET 3","GaNFET 4","GaNFET 5","GaNFET 6","MOSFET 7","MOSFET 8"
1.300000e+00,6.990549e+01,6.989379e+01,6.991550e+01,6.991586e+01,6.989532e+01,6.990660e+01,5.950378e+01,6.036666e+01
