"Time / s","GaNFET 1","GaNFET 2","GaNFET 3","GaNFET 4","GaNFET 5","GaNFET 6","MOSFET 7","MOSFET 8"
1.300000e+00,7.273403e+01,7.272251e+01,7.274500e+01,7.274536e+01,7.272404e+01,7.273513e+01,6.163628e+01,6.250170e+01
