"Time / s","GaNFET 1","GaNFET 2","GaNFET 3","GaNFET 4","GaNFET 5","GaNFET 6","MOSFET 7","MOSFET 8"
1.300000e+00,7.416835e+01,7.415698e+01,7.417977e+01,7.418015e+01,7.415853e+01,7.416947e+01,6.270869e+01,6.357558e+01
