"Time / s","GaNFET 1","GaNFET 2","GaNFET 3","GaNFET 4","GaNFET 5","GaNFET 6","MOSFET 7","MOSFET 8"
1.300000e+00,7.489070e+01,7.487942e+01,7.490236e+01,7.490274e+01,7.488100e+01,7.489186e+01,6.324631e+01,6.411409e+01
