"Time / s","GaNFET 1","GaNFET 2","GaNFET 3","GaNFET 4","GaNFET 5","GaNFET 6","MOSFET 7","MOSFET 8"
1.300000e+00,7.634589e+01,7.633479e+01,7.635795e+01,7.635834e+01,7.633636e+01,7.634703e+01,6.432548e+01,6.519367e+01
