"Time / s","GaNFET 1","GaNFET 2","GaNFET 3","GaNFET 4","GaNFET 5","GaNFET 6","MOSFET 7","MOSFET 8"
1.300000e+00,7.781501e+01,7.780421e+01,7.782755e+01,7.782792e+01,7.780575e+01,7.781613e+01,6.541082e+01,6.627684e+01
