"Time / s","GaNFET 1","GaNFET 2","GaNFET 3","GaNFET 4","GaNFET 5","GaNFET 6","MOSFET 7","MOSFET 8"
1.300000e+00,8.079596e+01,8.078602e+01,8.080959e+01,8.080989e+01,8.078751e+01,8.079701e+01,6.759503e+01,6.845364e+01
