"Time / s","GaNFET 1","GaNFET 2","GaNFET 3","GaNFET 4","GaNFET 5","GaNFET 6","MOSFET 7","MOSFET 8"
1.300000e+00,8.383341e+01,8.382450e+01,8.384812e+01,8.384854e+01,8.382614e+01,8.383458e+01,6.977445e+01,7.061091e+01
