"Time / s","GaNFET 1","GaNFET 2","GaNFET 3","GaNFET 4","GaNFET 5","GaNFET 6","MOSFET 7","MOSFET 8"
1.300000e+00,8.460227e+01,8.459362e+01,8.461720e+01,8.461764e+01,8.459525e+01,8.460343e+01,7.031891e+01,7.115191e+01
