"Time / s","GaNFET 1","GaNFET 2","GaNFET 3","GaNFET 4","GaNFET 5","GaNFET 6","MOSFET 7","MOSFET 8"
1.300000e+00,8.537517e+01,8.536678e+01,8.539027e+01,8.539070e+01,8.536843e+01,8.537635e+01,7.086370e+01,7.169384e+01
