"Time / s","GaNFET 1","GaNFET 2","GaNFET 3","GaNFET 4","GaNFET 5","GaNFET 6","MOSFET 7","MOSFET 8"
1.300000e+00,8.615256e+01,8.614444e+01,8.616792e+01,8.616836e+01,8.614609e+01,8.615374e+01,7.140903e+01,7.223749e+01
