"Time / s","GaNFET 1","GaNFET 2","GaNFET 3","GaNFET 4","GaNFET 5","GaNFET 6","MOSFET 7","MOSFET 8"
1.300000e+00,3.348247e+01,3.348095e+01,3.348477e+01,3.348519e+01,3.348197e+01,3.348340e+01,3.048144e+01,3.141754e+01
