"Time / s","GaNFET 1","GaNFET 2","GaNFET 3","GaNFET 4","GaNFET 5","GaNFET 6","MOSFET 7","MOSFET 8"
1.300000e+00,3.405239e+01,3.405067e+01,3.405494e+01,3.405535e+01,3.405168e+01,3.405340e+01,3.092766e+01,3.186277e+01
