vds;ids;eon;eoff;vdsreal;idsreal;rdson
-500;-0,1;3,31244e-11;1,37566e-11;0,000952367;0,1;0,00952367
-500;-0,123285;5,13684e-11;3,1011e-11;0,00121638;0,123285;0,00986643
-500;-0,151991;7,88469e-11;3,32141e-11;0,00154188;0,151991;0,0101446
-500;-0,187382;1,20799e-10;4,96021e-11;0,00194321;0,187382;0,0103703
-500;-0,231013;1,85448e-10;1,0964e-10;0,00243805;0,231013;0,0105537
-500;-0,284804;2,86798e-10;1,1694e-10;0,00304824;0,284804;0,0107029
-500;-0,351119;4,32888e-10;1,75827e-10;0,00380072;0,351119;0,0108246
-500;-0,432876;6,60065e-10;2,83512e-10;0,00472886;0,432876;0,0109243
-500;-0,53367;1,01554e-09;5,82218e-10;0,00587392;0,53367;0,0110066
-500;-0,657933;1,56109e-09;9,72798e-10;0,00728713;0,657933;0,0110758
-500;-0,811131;2,33568e-09;1,52112e-09;0,00903228;0,811131;0,0111354
-500;-1;3,58449e-09;2,34762e-09;0,0111892;1;0,0111892
-500;-1,23285;5,43536e-09;3,39918e-09;0,0138586;1,23285;0,0112412
-500;-1,51991;8,44274e-09;5,43371e-09;0,0171689;1,51991;0,011296
-500;-1,87382;1,2937e-08;8,8307e-09;0,0212864;1,87382;0,0113599
-500;-2,31013;1,95388e-08;8,88485e-09;0,0264315;2,31013;0,0114416
-500;-2,84804;2,98764e-08;2,41914e-08;0,0329059;2,84804;0,0115539
-500;-3,51119;4,52587e-08;3,33209e-08;0,0411386;3,51119;0,0117164
-500;-4,32876;6,81724e-08;7,60242e-08;0,0517732;4,32876;0,0119603
-500;-5,3367;1,04129e-07;1,60109e-07;0,0658346;5,3367;0,0123362
-500;-6,57933;1,57072e-07;3,41759e-07;0,0850736;6,57933;0,0129304
-500;-8,11131;2,389e-07;4,84565e-07;0,112724;8,11131;0,0138971
-500;-10;3,66111e-07;4,37278e-07;0,155284;10;0,0155284
-500;-12,3285;5,51501e-07;1,20707e-06;0,227039;12,3285;0,0184159
-500;-15,1991;8,38447e-07;8,24331e-07;0,362692;15,1991;0,0238627
-500;-18,7382;1,28927e-06;1,49221e-06;0,646172;18,7382;0,0344842
-500;-23,1013;1,93415e-06;1,21662e-06;0,7982;23,1013;0,0345522
-500;-28,4804;2,94703e-06;3,37069e-06;0,854087;28,4804;0,0299886
-500;-35,1119;4,48277e-06;4,16976e-06;0,896413;35,1119;0,0255302
-500;-43,2876;6,79228e-06;6,13386e-06;0,936706;43,2876;0,0216391
-500;-53,367;1,02986e-05;7,12372e-06;0,979555;53,367;0,0183551
-500;-65,7933;1,56506e-05;7,43892e-06;1,03036;65,7933;0,0156605
-500;-81,1131;2,29068e-05;1,33421e-05;1,09119;81,1131;0,0134527
-500;-100;3,37456e-05;1,47986e-05;1,1641;100;0,011641
-398,107;-0,1;3,31244e-11;1,37566e-11;0,000952367;0,1;0,00952367
-398,107;-0,123285;5,13684e-11;3,1011e-11;0,00121638;0,123285;0,00986643
-398,107;-0,151991;7,88469e-11;3,32141e-11;0,00154188;0,151991;0,0101446
-398,107;-0,187382;1,20799e-10;4,96021e-11;0,00194321;0,187382;0,0103703
-398,107;-0,231013;1,85448e-10;1,0964e-10;0,00243805;0,231013;0,0105537
-398,107;-0,284804;2,86798e-10;1,1694e-10;0,00304824;0,284804;0,0107029
-398,107;-0,351119;4,32888e-10;1,75827e-10;0,00380072;0,351119;0,0108246
-398,107;-0,432876;6,60065e-10;2,83512e-10;0,00472886;0,432876;0,0109243
-398,107;-0,53367;1,01554e-09;5,82218e-10;0,00587392;0,53367;0,0110066
-398,107;-0,657933;1,56109e-09;9,72798e-10;0,00728713;0,657933;0,0110758
-398,107;-0,811131;2,33568e-09;1,52112e-09;0,00903228;0,811131;0,0111354
-398,107;-1;3,58449e-09;2,34762e-09;0,0111892;1;0,0111892
-398,107;-1,23285;5,43536e-09;3,39918e-09;0,0138586;1,23285;0,0112412
-398,107;-1,51991;8,44274e-09;5,43371e-09;0,0171689;1,51991;0,011296
-398,107;-1,87382;1,2937e-08;8,8307e-09;0,0212864;1,87382;0,0113599
-398,107;-2,31013;1,95388e-08;8,88485e-09;0,0264315;2,31013;0,0114416
-398,107;-2,84804;2,98764e-08;2,41914e-08;0,0329059;2,84804;0,0115539
-398,107;-3,51119;4,52587e-08;3,33209e-08;0,0411386;3,51119;0,0117164
-398,107;-4,32876;6,81724e-08;7,60242e-08;0,0517732;4,32876;0,0119603
-398,107;-5,3367;1,04129e-07;1,60109e-07;0,0658346;5,3367;0,0123362
-398,107;-6,57933;1,57072e-07;3,41759e-07;0,0850736;6,57933;0,0129304
-398,107;-8,11131;2,389e-07;4,84565e-07;0,112724;8,11131;0,0138971
-398,107;-10;3,66111e-07;4,37278e-07;0,155284;10;0,0155284
-398,107;-12,3285;5,51501e-07;1,20707e-06;0,227039;12,3285;0,0184159
-398,107;-15,1991;8,38447e-07;8,24331e-07;0,362692;15,1991;0,0238627
-398,107;-18,7382;1,28927e-06;1,49221e-06;0,646172;18,7382;0,0344842
-398,107;-23,1013;1,93415e-06;1,21662e-06;0,7982;23,1013;0,0345522
-398,107;-28,4804;2,94703e-06;3,37069e-06;0,854087;28,4804;0,0299886
-398,107;-35,1119;4,48277e-06;4,16976e-06;0,896413;35,1119;0,0255302
-398,107;-43,2876;6,79228e-06;6,13386e-06;0,936706;43,2876;0,0216391
-398,107;-53,367;1,02986e-05;7,12372e-06;0,979555;53,367;0,0183551
-398,107;-65,7933;1,56506e-05;7,43891e-06;1,03036;65,7933;0,0156605
-398,107;-81,1131;2,29068e-05;1,33421e-05;1,09119;81,1131;0,0134527
-398,107;-100;3,37456e-05;1,47986e-05;1,1641;100;0,011641
-316,228;-0,1;3,31244e-11;1,37566e-11;0,000952367;0,1;0,00952367
-316,228;-0,123285;5,13684e-11;3,1011e-11;0,00121638;0,123285;0,00986643
-316,228;-0,151991;7,88469e-11;3,32141e-11;0,00154188;0,151991;0,0101446
-316,228;-0,187382;1,20799e-10;4,96021e-11;0,00194321;0,187382;0,0103703
-316,228;-0,231013;1,85448e-10;1,0964e-10;0,00243805;0,231013;0,0105537
-316,228;-0,284804;2,86798e-10;1,1694e-10;0,00304824;0,284804;0,0107029
-316,228;-0,351119;4,32888e-10;1,75827e-10;0,00380072;0,351119;0,0108246
-316,228;-0,432876;6,60065e-10;2,83512e-10;0,00472886;0,432876;0,0109243
-316,228;-0,53367;1,01554e-09;5,82218e-10;0,00587392;0,53367;0,0110066
-316,228;-0,657933;1,56109e-09;9,72798e-10;0,00728713;0,657933;0,0110758
-316,228;-0,811131;2,33568e-09;1,52112e-09;0,00903228;0,811131;0,0111354
-316,228;-1;3,58449e-09;2,34762e-09;0,0111892;1;0,0111892
-316,228;-1,23285;5,43536e-09;3,39918e-09;0,0138586;1,23285;0,0112412
-316,228;-1,51991;8,44274e-09;5,43371e-09;0,0171689;1,51991;0,011296
-316,228;-1,87382;1,2937e-08;8,8307e-09;0,0212864;1,87382;0,0113599
-316,228;-2,31013;1,95388e-08;8,88485e-09;0,0264315;2,31013;0,0114416
-316,228;-2,84804;2,98764e-08;2,41914e-08;0,0329059;2,84804;0,0115539
-316,228;-3,51119;4,52587e-08;3,33209e-08;0,0411386;3,51119;0,0117164
-316,228;-4,32876;6,81724e-08;7,60242e-08;0,0517732;4,32876;0,0119603
-316,228;-5,3367;1,04129e-07;1,60109e-07;0,0658346;5,3367;0,0123362
-316,228;-6,57933;1,57072e-07;3,41759e-07;0,0850736;6,57933;0,0129304
-316,228;-8,11131;2,389e-07;4,84565e-07;0,112724;8,11131;0,0138971
-316,228;-10;3,66111e-07;4,37278e-07;0,155284;10;0,0155284
-316,228;-12,3285;5,51501e-07;1,20707e-06;0,227039;12,3285;0,0184159
-316,228;-15,1991;8,38447e-07;8,24331e-07;0,362692;15,1991;0,0238627
-316,228;-18,7382;1,28927e-06;1,49221e-06;0,646172;18,7382;0,0344842
-316,228;-23,1013;1,93415e-06;1,21662e-06;0,7982;23,1013;0,0345522
-316,228;-28,4804;2,94703e-06;3,37069e-06;0,854087;28,4804;0,0299886
-316,228;-35,1119;4,48277e-06;4,16976e-06;0,896413;35,1119;0,0255302
-316,228;-43,2876;6,79228e-06;6,13386e-06;0,936706;43,2876;0,0216391
-316,228;-53,367;1,02986e-05;7,12372e-06;0,979555;53,367;0,0183551
-316,228;-65,7933;1,56506e-05;7,4389e-06;1,03036;65,7933;0,0156605
-316,228;-81,1131;2,29068e-05;1,33421e-05;1,09119;81,1131;0,0134527
-316,228;-100;3,37456e-05;1,47986e-05;1,1641;100;0,011641
-251,189;-0,1;3,31244e-11;1,37566e-11;0,000952367;0,1;0,00952367
-251,189;-0,123285;5,13684e-11;3,1011e-11;0,00121638;0,123285;0,00986643
-251,189;-0,151991;7,88469e-11;3,32141e-11;0,00154188;0,151991;0,0101446
-251,189;-0,187382;1,20799e-10;4,96021e-11;0,00194321;0,187382;0,0103703
-251,189;-0,231013;1,85448e-10;1,0964e-10;0,00243805;0,231013;0,0105537
-251,189;-0,284804;2,86798e-10;1,1694e-10;0,00304824;0,284804;0,0107029
-251,189;-0,351119;4,32888e-10;1,75827e-10;0,00380072;0,351119;0,0108246
-251,189;-0,432876;6,60065e-10;2,83512e-10;0,00472886;0,432876;0,0109243
-251,189;-0,53367;1,01554e-09;5,82218e-10;0,00587392;0,53367;0,0110066
-251,189;-0,657933;1,56109e-09;9,72798e-10;0,00728713;0,657933;0,0110758
-251,189;-0,811131;2,33568e-09;1,52112e-09;0,00903228;0,811131;0,0111354
-251,189;-1;3,58449e-09;2,34762e-09;0,0111892;1;0,0111892
-251,189;-1,23285;5,43536e-09;3,39918e-09;0,0138586;1,23285;0,0112412
-251,189;-1,51991;8,44274e-09;5,43371e-09;0,0171689;1,51991;0,011296
-251,189;-1,87382;1,2937e-08;8,8307e-09;0,0212864;1,87382;0,0113599
-251,189;-2,31013;1,95388e-08;8,88485e-09;0,0264315;2,31013;0,0114416
-251,189;-2,84804;2,98764e-08;2,41914e-08;0,0329059;2,84804;0,0115539
-251,189;-3,51119;4,52587e-08;3,33209e-08;0,0411386;3,51119;0,0117164
-251,189;-4,32876;6,81724e-08;7,60242e-08;0,0517732;4,32876;0,0119603
-251,189;-5,3367;1,04129e-07;1,60109e-07;0,0658346;5,3367;0,0123362
-251,189;-6,57933;1,57072e-07;3,41759e-07;0,0850736;6,57933;0,0129304
-251,189;-8,11131;2,389e-07;4,84565e-07;0,112724;8,11131;0,0138971
-251,189;-10;3,66111e-07;4,37278e-07;0,155284;10;0,0155284
-251,189;-12,3285;5,51501e-07;1,20707e-06;0,227039;12,3285;0,0184159
-251,189;-15,1991;8,38447e-07;8,24331e-07;0,362692;15,1991;0,0238627
-251,189;-18,7382;1,28927e-06;1,49221e-06;0,646172;18,7382;0,0344842
-251,189;-23,1013;1,93415e-06;1,21662e-06;0,7982;23,1013;0,0345522
-251,189;-28,4804;2,94703e-06;3,37069e-06;0,854087;28,4804;0,0299886
-251,189;-35,1119;4,48277e-06;4,16976e-06;0,896413;35,1119;0,0255302
-251,189;-43,2876;6,79228e-06;6,13386e-06;0,936706;43,2876;0,0216391
-251,189;-53,367;1,02986e-05;7,12372e-06;0,979555;53,367;0,0183551
-251,189;-65,7933;1,56506e-05;7,4389e-06;1,03036;65,7933;0,0156605
-251,189;-81,1131;2,29068e-05;1,33421e-05;1,09119;81,1131;0,0134527
-251,189;-100;3,37456e-05;1,47986e-05;1,1641;100;0,011641
-199,526;-0,1;3,31244e-11;1,37566e-11;0,000952367;0,1;0,00952367
-199,526;-0,123285;5,13684e-11;3,1011e-11;0,00121638;0,123285;0,00986643
-199,526;-0,151991;7,88469e-11;3,32141e-11;0,00154188;0,151991;0,0101446
-199,526;-0,187382;1,20799e-10;4,96021e-11;0,00194321;0,187382;0,0103703
-199,526;-0,231013;1,85448e-10;1,0964e-10;0,00243805;0,231013;0,0105537
-199,526;-0,284804;2,86798e-10;1,1694e-10;0,00304824;0,284804;0,0107029
-199,526;-0,351119;4,32888e-10;1,75827e-10;0,00380072;0,351119;0,0108246
-199,526;-0,432876;6,60065e-10;2,83512e-10;0,00472886;0,432876;0,0109243
-199,526;-0,53367;1,01554e-09;5,82218e-10;0,00587392;0,53367;0,0110066
-199,526;-0,657933;1,56109e-09;9,72798e-10;0,00728713;0,657933;0,0110758
-199,526;-0,811131;2,33568e-09;1,52112e-09;0,00903228;0,811131;0,0111354
-199,526;-1;3,58449e-09;2,34762e-09;0,0111892;1;0,0111892
-199,526;-1,23285;5,43536e-09;3,39918e-09;0,0138586;1,23285;0,0112412
-199,526;-1,51991;8,44274e-09;5,43371e-09;0,0171689;1,51991;0,011296
-199,526;-1,87382;1,2937e-08;8,8307e-09;0,0212864;1,87382;0,0113599
-199,526;-2,31013;1,95388e-08;8,88485e-09;0,0264315;2,31013;0,0114416
-199,526;-2,84804;2,98764e-08;2,41914e-08;0,0329059;2,84804;0,0115539
-199,526;-3,51119;4,52587e-08;3,33209e-08;0,0411386;3,51119;0,0117164
-199,526;-4,32876;6,81724e-08;7,60242e-08;0,0517732;4,32876;0,0119603
-199,526;-5,3367;1,04129e-07;1,60109e-07;0,0658346;5,3367;0,0123362
-199,526;-6,57933;1,57072e-07;3,41759e-07;0,0850736;6,57933;0,0129304
-199,526;-8,11131;2,389e-07;4,84565e-07;0,112724;8,11131;0,0138971
-199,526;-10;3,66111e-07;4,37278e-07;0,155284;10;0,0155284
-199,526;-12,3285;5,51501e-07;1,20707e-06;0,227039;12,3285;0,0184159
-199,526;-15,1991;8,38447e-07;8,24331e-07;0,362692;15,1991;0,0238627
-199,526;-18,7382;1,28927e-06;1,49221e-06;0,646172;18,7382;0,0344842
-199,526;-23,1013;1,93415e-06;1,21662e-06;0,7982;23,1013;0,0345522
-199,526;-28,4804;2,94703e-06;3,37069e-06;0,854087;28,4804;0,0299886
-199,526;-35,1119;4,48277e-06;4,16976e-06;0,896413;35,1119;0,0255302
-199,526;-43,2876;6,79228e-06;6,13386e-06;0,936706;43,2876;0,0216391
-199,526;-53,367;1,02986e-05;7,12372e-06;0,979555;53,367;0,0183551
-199,526;-65,7933;1,56506e-05;7,43893e-06;1,03036;65,7933;0,0156605
-199,526;-81,1131;2,29068e-05;1,33421e-05;1,09119;81,1131;0,0134527
-199,526;-100;3,37456e-05;1,47986e-05;1,1641;100;0,011641
-158,489;-0,1;3,31244e-11;1,37566e-11;0,000952367;0,1;0,00952367
-158,489;-0,123285;5,13684e-11;3,1011e-11;0,00121638;0,123285;0,00986643
-158,489;-0,151991;7,88469e-11;3,32141e-11;0,00154188;0,151991;0,0101446
-158,489;-0,187382;1,20799e-10;4,96021e-11;0,00194321;0,187382;0,0103703
-158,489;-0,231013;1,85448e-10;1,0964e-10;0,00243805;0,231013;0,0105537
-158,489;-0,284804;2,86798e-10;1,1694e-10;0,00304824;0,284804;0,0107029
-158,489;-0,351119;4,32888e-10;1,75827e-10;0,00380072;0,351119;0,0108246
-158,489;-0,432876;6,60065e-10;2,83512e-10;0,00472886;0,432876;0,0109243
-158,489;-0,53367;1,01554e-09;5,82218e-10;0,00587392;0,53367;0,0110066
-158,489;-0,657933;1,56109e-09;9,72798e-10;0,00728713;0,657933;0,0110758
-158,489;-0,811131;2,33568e-09;1,52112e-09;0,00903228;0,811131;0,0111354
-158,489;-1;3,58449e-09;2,34762e-09;0,0111892;1;0,0111892
-158,489;-1,23285;5,43536e-09;3,39918e-09;0,0138586;1,23285;0,0112412
-158,489;-1,51991;8,44274e-09;5,43371e-09;0,0171689;1,51991;0,011296
-158,489;-1,87382;1,2937e-08;8,8307e-09;0,0212864;1,87382;0,0113599
-158,489;-2,31013;1,95388e-08;8,88485e-09;0,0264315;2,31013;0,0114416
-158,489;-2,84804;2,98764e-08;2,41914e-08;0,0329059;2,84804;0,0115539
-158,489;-3,51119;4,52587e-08;3,33209e-08;0,0411386;3,51119;0,0117164
-158,489;-4,32876;6,81724e-08;7,60242e-08;0,0517732;4,32876;0,0119603
-158,489;-5,3367;1,04129e-07;1,60109e-07;0,0658346;5,3367;0,0123362
-158,489;-6,57933;1,57072e-07;3,41759e-07;0,0850736;6,57933;0,0129304
-158,489;-8,11131;2,389e-07;4,84565e-07;0,112724;8,11131;0,0138971
-158,489;-10;3,66111e-07;4,37278e-07;0,155284;10;0,0155284
-158,489;-12,3285;5,51501e-07;1,20707e-06;0,227039;12,3285;0,0184159
-158,489;-15,1991;8,38447e-07;8,24331e-07;0,362692;15,1991;0,0238627
-158,489;-18,7382;1,28927e-06;1,49221e-06;0,646172;18,7382;0,0344842
-158,489;-23,1013;1,93415e-06;1,21662e-06;0,7982;23,1013;0,0345522
-158,489;-28,4804;2,94703e-06;3,37069e-06;0,854087;28,4804;0,0299886
-158,489;-35,1119;4,48277e-06;4,16976e-06;0,896413;35,1119;0,0255302
-158,489;-43,2876;6,79228e-06;6,13386e-06;0,936706;43,2876;0,0216391
-158,489;-53,367;1,02986e-05;7,12372e-06;0,979555;53,367;0,0183551
-158,489;-65,7933;1,56506e-05;7,43885e-06;1,03036;65,7933;0,0156605
-158,489;-81,1131;2,29068e-05;1,33421e-05;1,09119;81,1131;0,0134527
-158,489;-100;3,37456e-05;1,47986e-05;1,1641;100;0,011641
-125,893;-0,1;3,31244e-11;1,37566e-11;0,000952367;0,1;0,00952367
-125,893;-0,123285;5,13684e-11;3,1011e-11;0,00121638;0,123285;0,00986643
-125,893;-0,151991;7,88469e-11;3,32141e-11;0,00154188;0,151991;0,0101446
-125,893;-0,187382;1,20799e-10;4,96021e-11;0,00194321;0,187382;0,0103703
-125,893;-0,231013;1,85448e-10;1,0964e-10;0,00243805;0,231013;0,0105537
-125,893;-0,284804;2,86798e-10;1,1694e-10;0,00304824;0,284804;0,0107029
-125,893;-0,351119;4,32888e-10;1,75827e-10;0,00380072;0,351119;0,0108246
-125,893;-0,432876;6,60065e-10;2,83512e-10;0,00472886;0,432876;0,0109243
-125,893;-0,53367;1,01554e-09;5,82218e-10;0,00587392;0,53367;0,0110066
-125,893;-0,657933;1,56109e-09;9,72798e-10;0,00728713;0,657933;0,0110758
-125,893;-0,811131;2,33568e-09;1,52112e-09;0,00903228;0,811131;0,0111354
-125,893;-1;3,58449e-09;2,34762e-09;0,0111892;1;0,0111892
-125,893;-1,23285;5,43536e-09;3,39918e-09;0,0138586;1,23285;0,0112412
-125,893;-1,51991;8,44274e-09;5,43371e-09;0,0171689;1,51991;0,011296
-125,893;-1,87382;1,2937e-08;8,8307e-09;0,0212864;1,87382;0,0113599
-125,893;-2,31013;1,95388e-08;8,88485e-09;0,0264315;2,31013;0,0114416
-125,893;-2,84804;2,98764e-08;2,41914e-08;0,0329059;2,84804;0,0115539
-125,893;-3,51119;4,52587e-08;3,33209e-08;0,0411386;3,51119;0,0117164
-125,893;-4,32876;6,81724e-08;7,60242e-08;0,0517732;4,32876;0,0119603
-125,893;-5,3367;1,04129e-07;1,60109e-07;0,0658346;5,3367;0,0123362
-125,893;-6,57933;1,57072e-07;3,41759e-07;0,0850736;6,57933;0,0129304
-125,893;-8,11131;2,389e-07;4,84565e-07;0,112724;8,11131;0,0138971
-125,893;-10;3,66111e-07;4,37278e-07;0,155284;10;0,0155284
-125,893;-12,3285;5,51501e-07;1,20707e-06;0,227039;12,3285;0,0184159
-125,893;-15,1991;8,38447e-07;8,24331e-07;0,362692;15,1991;0,0238627
-125,893;-18,7382;1,28927e-06;1,49221e-06;0,646172;18,7382;0,0344842
-125,893;-23,1013;1,93415e-06;1,21662e-06;0,7982;23,1013;0,0345522
-125,893;-28,4804;2,94703e-06;3,37069e-06;0,854087;28,4804;0,0299886
-125,893;-35,1119;4,48277e-06;4,16976e-06;0,896413;35,1119;0,0255302
-125,893;-43,2876;6,79228e-06;6,13386e-06;0,936706;43,2876;0,0216391
-125,893;-53,367;1,02986e-05;7,12372e-06;0,979555;53,367;0,0183551
-125,893;-65,7933;1,56506e-05;7,4389e-06;1,03036;65,7933;0,0156605
-125,893;-81,1131;2,29068e-05;1,33421e-05;1,09119;81,1131;0,0134527
-125,893;-100;3,37456e-05;1,47986e-05;1,1641;100;0,011641
-100;-0,1;3,31244e-11;1,37566e-11;0,000952367;0,1;0,00952367
-100;-0,123285;5,13684e-11;3,1011e-11;0,00121638;0,123285;0,00986643
-100;-0,151991;7,88469e-11;3,32141e-11;0,00154188;0,151991;0,0101446
-100;-0,187382;1,20799e-10;4,96021e-11;0,00194321;0,187382;0,0103703
-100;-0,231013;1,85448e-10;1,0964e-10;0,00243805;0,231013;0,0105537
-100;-0,284804;2,86798e-10;1,1694e-10;0,00304824;0,284804;0,0107029
-100;-0,351119;4,32888e-10;1,75827e-10;0,00380072;0,351119;0,0108246
-100;-0,432876;6,60065e-10;2,83512e-10;0,00472886;0,432876;0,0109243
-100;-0,53367;1,01554e-09;5,82218e-10;0,00587392;0,53367;0,0110066
-100;-0,657933;1,56109e-09;9,72798e-10;0,00728713;0,657933;0,0110758
-100;-0,811131;2,33568e-09;1,52112e-09;0,00903228;0,811131;0,0111354
-100;-1;3,58449e-09;2,34762e-09;0,0111892;1;0,0111892
-100;-1,23285;5,43536e-09;3,39918e-09;0,0138586;1,23285;0,0112412
-100;-1,51991;8,44274e-09;5,43371e-09;0,0171689;1,51991;0,011296
-100;-1,87382;1,2937e-08;8,8307e-09;0,0212864;1,87382;0,0113599
-100;-2,31013;1,95388e-08;8,88485e-09;0,0264315;2,31013;0,0114416
-100;-2,84804;2,98764e-08;2,41914e-08;0,0329059;2,84804;0,0115539
-100;-3,51119;4,52587e-08;3,33209e-08;0,0411386;3,51119;0,0117164
-100;-4,32876;6,81724e-08;7,60242e-08;0,0517732;4,32876;0,0119603
-100;-5,3367;1,04129e-07;1,60109e-07;0,0658346;5,3367;0,0123362
-100;-6,57933;1,57072e-07;3,41759e-07;0,0850736;6,57933;0,0129304
-100;-8,11131;2,389e-07;4,84565e-07;0,112724;8,11131;0,0138971
-100;-10;3,66111e-07;4,37278e-07;0,155284;10;0,0155284
-100;-12,3285;5,51501e-07;1,20707e-06;0,227039;12,3285;0,0184159
-100;-15,1991;8,38447e-07;8,24331e-07;0,362692;15,1991;0,0238627
-100;-18,7382;1,28927e-06;1,49221e-06;0,646172;18,7382;0,0344842
-100;-23,1013;1,93415e-06;1,21662e-06;0,7982;23,1013;0,0345522
-100;-28,4804;2,94703e-06;3,37069e-06;0,854087;28,4804;0,0299886
-100;-35,1119;4,48277e-06;4,16976e-06;0,896413;35,1119;0,0255302
-100;-43,2876;6,79228e-06;6,13386e-06;0,936706;43,2876;0,0216391
-100;-53,367;1,02986e-05;7,12372e-06;0,979555;53,367;0,0183551
-100;-65,7933;1,56506e-05;7,43891e-06;1,03036;65,7933;0,0156605
-100;-81,1131;2,29068e-05;1,33421e-05;1,09119;81,1131;0,0134527
-100;-100;3,37456e-05;1,47986e-05;1,1641;100;0,011641
-79,4328;-0,1;3,31244e-11;1,37566e-11;0,000952367;0,1;0,00952367
-79,4328;-0,123285;5,13684e-11;3,1011e-11;0,00121638;0,123285;0,00986643
-79,4328;-0,151991;7,88469e-11;3,32141e-11;0,00154188;0,151991;0,0101446
-79,4328;-0,187382;1,20799e-10;4,96021e-11;0,00194321;0,187382;0,0103703
-79,4328;-0,231013;1,85448e-10;1,0964e-10;0,00243805;0,231013;0,0105537
-79,4328;-0,284804;2,86798e-10;1,1694e-10;0,00304824;0,284804;0,0107029
-79,4328;-0,351119;4,32888e-10;1,75827e-10;0,00380072;0,351119;0,0108246
-79,4328;-0,432876;6,60065e-10;2,83512e-10;0,00472886;0,432876;0,0109243
-79,4328;-0,53367;1,01554e-09;5,82218e-10;0,00587392;0,53367;0,0110066
-79,4328;-0,657933;1,56109e-09;9,72798e-10;0,00728713;0,657933;0,0110758
-79,4328;-0,811131;2,33568e-09;1,52112e-09;0,00903228;0,811131;0,0111354
-79,4328;-1;3,58449e-09;2,34762e-09;0,0111892;1;0,0111892
-79,4328;-1,23285;5,43536e-09;3,39918e-09;0,0138586;1,23285;0,0112412
-79,4328;-1,51991;8,44274e-09;5,43371e-09;0,0171689;1,51991;0,011296
-79,4328;-1,87382;1,2937e-08;8,8307e-09;0,0212864;1,87382;0,0113599
-79,4328;-2,31013;1,95388e-08;8,88485e-09;0,0264315;2,31013;0,0114416
-79,4328;-2,84804;2,98764e-08;2,41914e-08;0,0329059;2,84804;0,0115539
-79,4328;-3,51119;4,52587e-08;3,33209e-08;0,0411386;3,51119;0,0117164
-79,4328;-4,32876;6,81724e-08;7,60242e-08;0,0517732;4,32876;0,0119603
-79,4328;-5,3367;1,04129e-07;1,60109e-07;0,0658346;5,3367;0,0123362
-79,4328;-6,57933;1,57072e-07;3,41759e-07;0,0850736;6,57933;0,0129304
-79,4328;-8,11131;2,389e-07;4,84565e-07;0,112724;8,11131;0,0138971
-79,4328;-10;3,66111e-07;4,37278e-07;0,155284;10;0,0155284
-79,4328;-12,3285;5,51501e-07;1,20707e-06;0,227039;12,3285;0,0184159
-79,4328;-15,1991;8,38447e-07;8,24331e-07;0,362692;15,1991;0,0238627
-79,4328;-18,7382;1,28927e-06;1,49221e-06;0,646172;18,7382;0,0344842
-79,4328;-23,1013;1,93415e-06;1,21662e-06;0,7982;23,1013;0,0345522
-79,4328;-28,4804;2,94703e-06;3,37069e-06;0,854087;28,4804;0,0299886
-79,4328;-35,1119;4,48277e-06;4,16976e-06;0,896413;35,1119;0,0255302
-79,4328;-43,2876;6,79228e-06;6,13386e-06;0,936706;43,2876;0,0216391
-79,4328;-53,367;1,02986e-05;7,12372e-06;0,979555;53,367;0,0183551
-79,4328;-65,7933;1,56506e-05;7,43889e-06;1,03036;65,7933;0,0156605
-79,4328;-81,1131;2,29068e-05;1,33421e-05;1,09119;81,1131;0,0134527
-79,4328;-100;3,37456e-05;1,47986e-05;1,1641;100;0,011641
-63,0957;-0,1;3,31244e-11;1,37566e-11;0,000952367;0,1;0,00952367
-63,0957;-0,123285;5,13684e-11;3,1011e-11;0,00121638;0,123285;0,00986643
-63,0957;-0,151991;7,88469e-11;3,32141e-11;0,00154188;0,151991;0,0101446
-63,0957;-0,187382;1,20799e-10;4,96021e-11;0,00194321;0,187382;0,0103703
-63,0957;-0,231013;1,85448e-10;1,0964e-10;0,00243805;0,231013;0,0105537
-63,0957;-0,284804;2,86798e-10;1,1694e-10;0,00304824;0,284804;0,0107029
-63,0957;-0,351119;4,32888e-10;1,75827e-10;0,00380072;0,351119;0,0108246
-63,0957;-0,432876;6,60065e-10;2,83512e-10;0,00472886;0,432876;0,0109243
-63,0957;-0,53367;1,01554e-09;5,82218e-10;0,00587392;0,53367;0,0110066
-63,0957;-0,657933;1,56109e-09;9,72798e-10;0,00728713;0,657933;0,0110758
-63,0957;-0,811131;2,33568e-09;1,52112e-09;0,00903228;0,811131;0,0111354
-63,0957;-1;3,58449e-09;2,34762e-09;0,0111892;1;0,0111892
-63,0957;-1,23285;5,43536e-09;3,39918e-09;0,0138586;1,23285;0,0112412
-63,0957;-1,51991;8,44274e-09;5,43371e-09;0,0171689;1,51991;0,011296
-63,0957;-1,87382;1,2937e-08;8,8307e-09;0,0212864;1,87382;0,0113599
-63,0957;-2,31013;1,95388e-08;8,88485e-09;0,0264315;2,31013;0,0114416
-63,0957;-2,84804;2,98764e-08;2,41914e-08;0,0329059;2,84804;0,0115539
-63,0957;-3,51119;4,52587e-08;3,33209e-08;0,0411386;3,51119;0,0117164
-63,0957;-4,32876;6,81724e-08;7,60242e-08;0,0517732;4,32876;0,0119603
-63,0957;-5,3367;1,04129e-07;1,60109e-07;0,0658346;5,3367;0,0123362
-63,0957;-6,57933;1,57072e-07;3,41759e-07;0,0850736;6,57933;0,0129304
-63,0957;-8,11131;2,389e-07;4,84565e-07;0,112724;8,11131;0,0138971
-63,0957;-10;3,66111e-07;4,37278e-07;0,155284;10;0,0155284
-63,0957;-12,3285;5,51501e-07;1,20707e-06;0,227039;12,3285;0,0184159
-63,0957;-15,1991;8,38447e-07;8,24331e-07;0,362692;15,1991;0,0238627
-63,0957;-18,7382;1,28927e-06;1,49221e-06;0,646172;18,7382;0,0344842
-63,0957;-23,1013;1,93415e-06;1,21662e-06;0,7982;23,1013;0,0345522
-63,0957;-28,4804;2,94703e-06;3,37069e-06;0,854087;28,4804;0,0299886
-63,0957;-35,1119;4,48277e-06;4,16976e-06;0,896413;35,1119;0,0255302
-63,0957;-43,2876;6,79228e-06;6,13386e-06;0,936706;43,2876;0,0216391
-63,0957;-53,367;1,02986e-05;7,12372e-06;0,979555;53,367;0,0183551
-63,0957;-65,7933;1,56506e-05;7,43889e-06;1,03036;65,7933;0,0156605
-63,0957;-81,1131;2,29068e-05;1,33421e-05;1,09119;81,1131;0,0134527
-63,0957;-100;3,37456e-05;1,47986e-05;1,1641;100;0,011641
-50,1187;-0,1;3,31244e-11;1,37566e-11;0,000952367;0,1;0,00952367
-50,1187;-0,123285;5,13684e-11;3,1011e-11;0,00121638;0,123285;0,00986643
-50,1187;-0,151991;7,88469e-11;3,32141e-11;0,00154188;0,151991;0,0101446
-50,1187;-0,187382;1,20799e-10;4,96021e-11;0,00194321;0,187382;0,0103703
-50,1187;-0,231013;1,85448e-10;1,0964e-10;0,00243805;0,231013;0,0105537
-50,1187;-0,284804;2,86798e-10;1,1694e-10;0,00304824;0,284804;0,0107029
-50,1187;-0,351119;4,32888e-10;1,75827e-10;0,00380072;0,351119;0,0108246
-50,1187;-0,432876;6,60065e-10;2,83512e-10;0,00472886;0,432876;0,0109243
-50,1187;-0,53367;1,01554e-09;5,82218e-10;0,00587392;0,53367;0,0110066
-50,1187;-0,657933;1,56109e-09;9,72798e-10;0,00728713;0,657933;0,0110758
-50,1187;-0,811131;2,33568e-09;1,52112e-09;0,00903228;0,811131;0,0111354
-50,1187;-1;3,58449e-09;2,34762e-09;0,0111892;1;0,0111892
-50,1187;-1,23285;5,43536e-09;3,39918e-09;0,0138586;1,23285;0,0112412
-50,1187;-1,51991;8,44274e-09;5,43371e-09;0,0171689;1,51991;0,011296
-50,1187;-1,87382;1,2937e-08;8,8307e-09;0,0212864;1,87382;0,0113599
-50,1187;-2,31013;1,95388e-08;8,88485e-09;0,0264315;2,31013;0,0114416
-50,1187;-2,84804;2,98764e-08;2,41914e-08;0,0329059;2,84804;0,0115539
-50,1187;-3,51119;4,52587e-08;3,33209e-08;0,0411386;3,51119;0,0117164
-50,1187;-4,32876;6,81724e-08;7,60242e-08;0,0517732;4,32876;0,0119603
-50,1187;-5,3367;1,04129e-07;1,60109e-07;0,0658346;5,3367;0,0123362
-50,1187;-6,57933;1,57072e-07;3,41759e-07;0,0850736;6,57933;0,0129304
-50,1187;-8,11131;2,389e-07;4,84565e-07;0,112724;8,11131;0,0138971
-50,1187;-10;3,66111e-07;4,37278e-07;0,155284;10;0,0155284
-50,1187;-12,3285;5,51501e-07;1,20707e-06;0,227039;12,3285;0,0184159
-50,1187;-15,1991;8,38447e-07;8,24331e-07;0,362692;15,1991;0,0238627
-50,1187;-18,7382;1,28927e-06;1,49221e-06;0,646172;18,7382;0,0344842
-50,1187;-23,1013;1,93415e-06;1,21662e-06;0,7982;23,1013;0,0345522
-50,1187;-28,4804;2,94703e-06;3,37069e-06;0,854087;28,4804;0,0299886
-50,1187;-35,1119;4,48277e-06;4,16976e-06;0,896413;35,1119;0,0255302
-50,1187;-43,2876;6,79228e-06;6,13386e-06;0,936706;43,2876;0,0216391
-50,1187;-53,367;1,02986e-05;7,12372e-06;0,979555;53,367;0,0183551
-50,1187;-65,7933;1,56506e-05;7,43888e-06;1,03036;65,7933;0,0156605
-50,1187;-81,1131;2,29068e-05;1,33421e-05;1,09119;81,1131;0,0134527
-50,1187;-100;3,37456e-05;1,47986e-05;1,1641;100;0,011641
-39,8107;-0,1;3,31244e-11;1,37566e-11;0,000952367;0,1;0,00952367
-39,8107;-0,123285;5,13684e-11;3,1011e-11;0,00121638;0,123285;0,00986643
-39,8107;-0,151991;7,88469e-11;3,32141e-11;0,00154188;0,151991;0,0101446
-39,8107;-0,187382;1,20799e-10;4,96021e-11;0,00194321;0,187382;0,0103703
-39,8107;-0,231013;1,85448e-10;1,0964e-10;0,00243805;0,231013;0,0105537
-39,8107;-0,284804;2,86798e-10;1,1694e-10;0,00304824;0,284804;0,0107029
-39,8107;-0,351119;4,32888e-10;1,75827e-10;0,00380072;0,351119;0,0108246
-39,8107;-0,432876;6,60065e-10;2,83512e-10;0,00472886;0,432876;0,0109243
-39,8107;-0,53367;1,01554e-09;5,82218e-10;0,00587392;0,53367;0,0110066
-39,8107;-0,657933;1,56109e-09;9,72798e-10;0,00728713;0,657933;0,0110758
-39,8107;-0,811131;2,33568e-09;1,52112e-09;0,00903228;0,811131;0,0111354
-39,8107;-1;3,58449e-09;2,34762e-09;0,0111892;1;0,0111892
-39,8107;-1,23285;5,43536e-09;3,39918e-09;0,0138586;1,23285;0,0112412
-39,8107;-1,51991;8,44274e-09;5,43371e-09;0,0171689;1,51991;0,011296
-39,8107;-1,87382;1,2937e-08;8,8307e-09;0,0212864;1,87382;0,0113599
-39,8107;-2,31013;1,95388e-08;8,88485e-09;0,0264315;2,31013;0,0114416
-39,8107;-2,84804;2,98764e-08;2,41914e-08;0,0329059;2,84804;0,0115539
-39,8107;-3,51119;4,52587e-08;3,33209e-08;0,0411386;3,51119;0,0117164
-39,8107;-4,32876;6,81724e-08;7,60242e-08;0,0517732;4,32876;0,0119603
-39,8107;-5,3367;1,04129e-07;1,60109e-07;0,0658346;5,3367;0,0123362
-39,8107;-6,57933;1,57072e-07;3,41759e-07;0,0850736;6,57933;0,0129304
-39,8107;-8,11131;2,389e-07;4,84565e-07;0,112724;8,11131;0,0138971
-39,8107;-10;3,66111e-07;4,37278e-07;0,155284;10;0,0155284
-39,8107;-12,3285;5,51501e-07;1,20707e-06;0,227039;12,3285;0,0184159
-39,8107;-15,1991;8,38447e-07;8,24331e-07;0,362692;15,1991;0,0238627
-39,8107;-18,7382;1,28927e-06;1,49221e-06;0,646172;18,7382;0,0344842
-39,8107;-23,1013;1,93415e-06;1,21662e-06;0,7982;23,1013;0,0345522
-39,8107;-28,4804;2,94703e-06;3,37069e-06;0,854087;28,4804;0,0299886
-39,8107;-35,1119;4,48277e-06;4,16976e-06;0,896413;35,1119;0,0255302
-39,8107;-43,2876;6,79228e-06;6,13386e-06;0,936706;43,2876;0,0216391
-39,8107;-53,367;1,02986e-05;7,12372e-06;0,979555;53,367;0,0183551
-39,8107;-65,7933;1,56506e-05;7,43887e-06;1,03036;65,7933;0,0156605
-39,8107;-81,1131;2,29068e-05;1,33421e-05;1,09119;81,1131;0,0134527
-39,8107;-100;3,37456e-05;1,47986e-05;1,1641;100;0,011641
-31,6228;-0,1;3,31244e-11;1,37566e-11;0,000952367;0,1;0,00952367
-31,6228;-0,123285;5,13684e-11;3,1011e-11;0,00121638;0,123285;0,00986643
-31,6228;-0,151991;7,88469e-11;3,32141e-11;0,00154188;0,151991;0,0101446
-31,6228;-0,187382;1,20799e-10;4,96021e-11;0,00194321;0,187382;0,0103703
-31,6228;-0,231013;1,85448e-10;1,0964e-10;0,00243805;0,231013;0,0105537
-31,6228;-0,284804;2,86798e-10;1,1694e-10;0,00304824;0,284804;0,0107029
-31,6228;-0,351119;4,32888e-10;1,75827e-10;0,00380072;0,351119;0,0108246
-31,6228;-0,432876;6,60065e-10;2,83512e-10;0,00472886;0,432876;0,0109243
-31,6228;-0,53367;1,01554e-09;5,82218e-10;0,00587392;0,53367;0,0110066
-31,6228;-0,657933;1,56109e-09;9,72798e-10;0,00728713;0,657933;0,0110758
-31,6228;-0,811131;2,33568e-09;1,52112e-09;0,00903228;0,811131;0,0111354
-31,6228;-1;3,58449e-09;2,34762e-09;0,0111892;1;0,0111892
-31,6228;-1,23285;5,43536e-09;3,39918e-09;0,0138586;1,23285;0,0112412
-31,6228;-1,51991;8,44274e-09;5,43371e-09;0,0171689;1,51991;0,011296
-31,6228;-1,87382;1,2937e-08;8,8307e-09;0,0212864;1,87382;0,0113599
-31,6228;-2,31013;1,95388e-08;8,88485e-09;0,0264315;2,31013;0,0114416
-31,6228;-2,84804;2,98764e-08;2,41914e-08;0,0329059;2,84804;0,0115539
-31,6228;-3,51119;4,52587e-08;3,33209e-08;0,0411386;3,51119;0,0117164
-31,6228;-4,32876;6,81724e-08;7,60242e-08;0,0517732;4,32876;0,0119603
-31,6228;-5,3367;1,04129e-07;1,60109e-07;0,0658346;5,3367;0,0123362
-31,6228;-6,57933;1,57072e-07;3,41759e-07;0,0850736;6,57933;0,0129304
-31,6228;-8,11131;2,389e-07;4,84565e-07;0,112724;8,11131;0,0138971
-31,6228;-10;3,66111e-07;4,37278e-07;0,155284;10;0,0155284
-31,6228;-12,3285;5,51501e-07;1,20707e-06;0,227039;12,3285;0,0184159
-31,6228;-15,1991;8,38447e-07;8,24331e-07;0,362692;15,1991;0,0238627
-31,6228;-18,7382;1,28927e-06;1,49221e-06;0,646172;18,7382;0,0344842
-31,6228;-23,1013;1,93415e-06;1,21662e-06;0,7982;23,1013;0,0345522
-31,6228;-28,4804;2,94703e-06;3,37069e-06;0,854087;28,4804;0,0299886
-31,6228;-35,1119;4,48277e-06;4,16976e-06;0,896413;35,1119;0,0255302
-31,6228;-43,2876;6,79228e-06;6,13386e-06;0,936706;43,2876;0,0216391
-31,6228;-53,367;1,02986e-05;7,12372e-06;0,979555;53,367;0,0183551
-31,6228;-65,7933;1,56506e-05;7,43893e-06;1,03036;65,7933;0,0156605
-31,6228;-81,1131;2,29068e-05;1,33421e-05;1,09119;81,1131;0,0134527
-31,6228;-100;3,37456e-05;1,47986e-05;1,1641;100;0,011641
-25,1189;-0,1;3,31244e-11;1,37566e-11;0,000952367;0,1;0,00952367
-25,1189;-0,123285;5,13684e-11;3,1011e-11;0,00121638;0,123285;0,00986643
-25,1189;-0,151991;7,88469e-11;3,32141e-11;0,00154188;0,151991;0,0101446
-25,1189;-0,187382;1,20799e-10;4,96021e-11;0,00194321;0,187382;0,0103703
-25,1189;-0,231013;1,85448e-10;1,0964e-10;0,00243805;0,231013;0,0105537
-25,1189;-0,284804;2,86798e-10;1,1694e-10;0,00304824;0,284804;0,0107029
-25,1189;-0,351119;4,32888e-10;1,75827e-10;0,00380072;0,351119;0,0108246
-25,1189;-0,432876;6,60065e-10;2,83512e-10;0,00472886;0,432876;0,0109243
-25,1189;-0,53367;1,01554e-09;5,82218e-10;0,00587392;0,53367;0,0110066
-25,1189;-0,657933;1,56109e-09;9,72798e-10;0,00728713;0,657933;0,0110758
-25,1189;-0,811131;2,33568e-09;1,52112e-09;0,00903228;0,811131;0,0111354
-25,1189;-1;3,58449e-09;2,34762e-09;0,0111892;1;0,0111892
-25,1189;-1,23285;5,43536e-09;3,39918e-09;0,0138586;1,23285;0,0112412
-25,1189;-1,51991;8,44274e-09;5,43371e-09;0,0171689;1,51991;0,011296
-25,1189;-1,87382;1,2937e-08;8,8307e-09;0,0212864;1,87382;0,0113599
-25,1189;-2,31013;1,95388e-08;8,88485e-09;0,0264315;2,31013;0,0114416
-25,1189;-2,84804;2,98764e-08;2,41914e-08;0,0329059;2,84804;0,0115539
-25,1189;-3,51119;4,52587e-08;3,33209e-08;0,0411386;3,51119;0,0117164
-25,1189;-4,32876;6,81724e-08;7,60242e-08;0,0517732;4,32876;0,0119603
-25,1189;-5,3367;1,04129e-07;1,60109e-07;0,0658346;5,3367;0,0123362
-25,1189;-6,57933;1,57072e-07;3,41759e-07;0,0850736;6,57933;0,0129304
-25,1189;-8,11131;2,389e-07;4,84565e-07;0,112724;8,11131;0,0138971
-25,1189;-10;3,66111e-07;4,37278e-07;0,155284;10;0,0155284
-25,1189;-12,3285;5,51501e-07;1,20707e-06;0,227039;12,3285;0,0184159
-25,1189;-15,1991;8,38447e-07;8,24331e-07;0,362692;15,1991;0,0238627
-25,1189;-18,7382;1,28927e-06;1,49221e-06;0,646172;18,7382;0,0344842
-25,1189;-23,1013;1,93415e-06;1,21662e-06;0,7982;23,1013;0,0345522
-25,1189;-28,4804;2,94703e-06;3,37069e-06;0,854087;28,4804;0,0299886
-25,1189;-35,1119;4,48277e-06;4,16976e-06;0,896413;35,1119;0,0255302
-25,1189;-43,2876;6,79228e-06;6,13386e-06;0,936706;43,2876;0,0216391
-25,1189;-53,367;1,02986e-05;7,12372e-06;0,979555;53,367;0,0183551
-25,1189;-65,7933;1,56506e-05;7,43893e-06;1,03036;65,7933;0,0156605
-25,1189;-81,1131;2,29068e-05;1,33421e-05;1,09119;81,1131;0,0134527
-25,1189;-100;3,37456e-05;1,47986e-05;1,1641;100;0,011641
-19,9526;-0,1;3,31244e-11;1,37566e-11;0,000952367;0,1;0,00952367
-19,9526;-0,123285;5,13684e-11;3,1011e-11;0,00121638;0,123285;0,00986643
-19,9526;-0,151991;7,88469e-11;3,32141e-11;0,00154188;0,151991;0,0101446
-19,9526;-0,187382;1,20799e-10;4,96021e-11;0,00194321;0,187382;0,0103703
-19,9526;-0,231013;1,85448e-10;1,0964e-10;0,00243805;0,231013;0,0105537
-19,9526;-0,284804;2,86798e-10;1,1694e-10;0,00304824;0,284804;0,0107029
-19,9526;-0,351119;4,32888e-10;1,75827e-10;0,00380072;0,351119;0,0108246
-19,9526;-0,432876;6,60065e-10;2,83512e-10;0,00472886;0,432876;0,0109243
-19,9526;-0,53367;1,01554e-09;5,82218e-10;0,00587392;0,53367;0,0110066
-19,9526;-0,657933;1,56109e-09;9,72798e-10;0,00728713;0,657933;0,0110758
-19,9526;-0,811131;2,33568e-09;1,52112e-09;0,00903228;0,811131;0,0111354
-19,9526;-1;3,58449e-09;2,34762e-09;0,0111892;1;0,0111892
-19,9526;-1,23285;5,43536e-09;3,39918e-09;0,0138586;1,23285;0,0112412
-19,9526;-1,51991;8,44274e-09;5,43371e-09;0,0171689;1,51991;0,011296
-19,9526;-1,87382;1,2937e-08;8,8307e-09;0,0212864;1,87382;0,0113599
-19,9526;-2,31013;1,95388e-08;8,88485e-09;0,0264315;2,31013;0,0114416
-19,9526;-2,84804;2,98764e-08;2,41914e-08;0,0329059;2,84804;0,0115539
-19,9526;-3,51119;4,52587e-08;3,33209e-08;0,0411386;3,51119;0,0117164
-19,9526;-4,32876;6,81724e-08;7,60242e-08;0,0517732;4,32876;0,0119603
-19,9526;-5,3367;1,04129e-07;1,60109e-07;0,0658346;5,3367;0,0123362
-19,9526;-6,57933;1,57072e-07;3,41759e-07;0,0850736;6,57933;0,0129304
-19,9526;-8,11131;2,389e-07;4,84565e-07;0,112724;8,11131;0,0138971
-19,9526;-10;3,66111e-07;4,37278e-07;0,155284;10;0,0155284
-19,9526;-12,3285;5,51501e-07;1,20707e-06;0,227039;12,3285;0,0184159
-19,9526;-15,1991;8,38447e-07;8,24331e-07;0,362692;15,1991;0,0238627
-19,9526;-18,7382;1,28927e-06;1,49221e-06;0,646172;18,7382;0,0344842
-19,9526;-23,1013;1,93415e-06;1,21662e-06;0,7982;23,1013;0,0345522
-19,9526;-28,4804;2,94703e-06;3,37069e-06;0,854087;28,4804;0,0299886
-19,9526;-35,1119;4,48277e-06;4,16976e-06;0,896413;35,1119;0,0255302
-19,9526;-43,2876;6,79228e-06;6,13386e-06;0,936706;43,2876;0,0216391
-19,9526;-53,367;1,02986e-05;7,12372e-06;0,979555;53,367;0,0183551
-19,9526;-65,7933;1,56506e-05;7,43894e-06;1,03036;65,7933;0,0156605
-19,9526;-81,1131;2,29068e-05;1,33421e-05;1,09119;81,1131;0,0134527
-19,9526;-100;3,37456e-05;1,47986e-05;1,1641;100;0,011641
-15,8489;-0,1;3,31244e-11;1,37566e-11;0,000952367;0,1;0,00952367
-15,8489;-0,123285;5,13684e-11;3,1011e-11;0,00121638;0,123285;0,00986643
-15,8489;-0,151991;7,88469e-11;3,32141e-11;0,00154188;0,151991;0,0101446
-15,8489;-0,187382;1,20799e-10;4,96021e-11;0,00194321;0,187382;0,0103703
-15,8489;-0,231013;1,85448e-10;1,0964e-10;0,00243805;0,231013;0,0105537
-15,8489;-0,284804;2,86798e-10;1,1694e-10;0,00304824;0,284804;0,0107029
-15,8489;-0,351119;4,32888e-10;1,75827e-10;0,00380072;0,351119;0,0108246
-15,8489;-0,432876;6,60065e-10;2,83512e-10;0,00472886;0,432876;0,0109243
-15,8489;-0,53367;1,01554e-09;5,82218e-10;0,00587392;0,53367;0,0110066
-15,8489;-0,657933;1,56109e-09;9,72798e-10;0,00728713;0,657933;0,0110758
-15,8489;-0,811131;2,33568e-09;1,52112e-09;0,00903228;0,811131;0,0111354
-15,8489;-1;3,58449e-09;2,34762e-09;0,0111892;1;0,0111892
-15,8489;-1,23285;5,43536e-09;3,39918e-09;0,0138586;1,23285;0,0112412
-15,8489;-1,51991;8,44274e-09;5,43371e-09;0,0171689;1,51991;0,011296
-15,8489;-1,87382;1,2937e-08;8,8307e-09;0,0212864;1,87382;0,0113599
-15,8489;-2,31013;1,95388e-08;8,88485e-09;0,0264315;2,31013;0,0114416
-15,8489;-2,84804;2,98764e-08;2,41914e-08;0,0329059;2,84804;0,0115539
-15,8489;-3,51119;4,52587e-08;3,33209e-08;0,0411386;3,51119;0,0117164
-15,8489;-4,32876;6,81724e-08;7,60242e-08;0,0517732;4,32876;0,0119603
-15,8489;-5,3367;1,04129e-07;1,60109e-07;0,0658346;5,3367;0,0123362
-15,8489;-6,57933;1,57072e-07;3,41759e-07;0,0850736;6,57933;0,0129304
-15,8489;-8,11131;2,389e-07;4,84565e-07;0,112724;8,11131;0,0138971
-15,8489;-10;3,66111e-07;4,37278e-07;0,155284;10;0,0155284
-15,8489;-12,3285;5,51501e-07;1,20707e-06;0,227039;12,3285;0,0184159
-15,8489;-15,1991;8,38447e-07;8,24331e-07;0,362692;15,1991;0,0238627
-15,8489;-18,7382;1,28927e-06;1,49221e-06;0,646172;18,7382;0,0344842
-15,8489;-23,1013;1,93415e-06;1,21662e-06;0,7982;23,1013;0,0345522
-15,8489;-28,4804;2,94703e-06;3,37069e-06;0,854087;28,4804;0,0299886
-15,8489;-35,1119;4,48277e-06;4,16976e-06;0,896413;35,1119;0,0255302
-15,8489;-43,2876;6,79228e-06;6,13386e-06;0,936706;43,2876;0,0216391
-15,8489;-53,367;1,02986e-05;7,12372e-06;0,979555;53,367;0,0183551
-15,8489;-65,7933;1,56506e-05;7,43891e-06;1,03036;65,7933;0,0156605
-15,8489;-81,1131;2,29068e-05;1,33421e-05;1,09119;81,1131;0,0134527
-15,8489;-100;3,37456e-05;1,47986e-05;1,1641;100;0,011641
-12,5893;-0,1;3,31244e-11;1,37566e-11;0,000952367;0,1;0,00952367
-12,5893;-0,123285;5,13684e-11;3,1011e-11;0,00121638;0,123285;0,00986643
-12,5893;-0,151991;7,88469e-11;3,32141e-11;0,00154188;0,151991;0,0101446
-12,5893;-0,187382;1,20799e-10;4,96021e-11;0,00194321;0,187382;0,0103703
-12,5893;-0,231013;1,85448e-10;1,0964e-10;0,00243805;0,231013;0,0105537
-12,5893;-0,284804;2,86798e-10;1,1694e-10;0,00304824;0,284804;0,0107029
-12,5893;-0,351119;4,32888e-10;1,75827e-10;0,00380072;0,351119;0,0108246
-12,5893;-0,432876;6,60065e-10;2,83512e-10;0,00472886;0,432876;0,0109243
-12,5893;-0,53367;1,01554e-09;5,82218e-10;0,00587392;0,53367;0,0110066
-12,5893;-0,657933;1,56109e-09;9,72798e-10;0,00728713;0,657933;0,0110758
-12,5893;-0,811131;2,33568e-09;1,52112e-09;0,00903228;0,811131;0,0111354
-12,5893;-1;3,58449e-09;2,34762e-09;0,0111892;1;0,0111892
-12,5893;-1,23285;5,43536e-09;3,39918e-09;0,0138586;1,23285;0,0112412
-12,5893;-1,51991;8,44274e-09;5,43371e-09;0,0171689;1,51991;0,011296
-12,5893;-1,87382;1,2937e-08;8,8307e-09;0,0212864;1,87382;0,0113599
-12,5893;-2,31013;1,95388e-08;8,88485e-09;0,0264315;2,31013;0,0114416
-12,5893;-2,84804;2,98764e-08;2,41914e-08;0,0329059;2,84804;0,0115539
-12,5893;-3,51119;4,52587e-08;3,33209e-08;0,0411386;3,51119;0,0117164
-12,5893;-4,32876;6,81724e-08;7,60242e-08;0,0517732;4,32876;0,0119603
-12,5893;-5,3367;1,04129e-07;1,60109e-07;0,0658346;5,3367;0,0123362
-12,5893;-6,57933;1,57072e-07;3,41759e-07;0,0850736;6,57933;0,0129304
-12,5893;-8,11131;2,389e-07;4,84565e-07;0,112724;8,11131;0,0138971
-12,5893;-10;3,66111e-07;4,37278e-07;0,155284;10;0,0155284
-12,5893;-12,3285;5,51501e-07;1,20707e-06;0,227039;12,3285;0,0184159
-12,5893;-15,1991;8,38447e-07;8,24331e-07;0,362692;15,1991;0,0238627
-12,5893;-18,7382;1,28927e-06;1,49221e-06;0,646172;18,7382;0,0344842
-12,5893;-23,1013;1,93415e-06;1,21662e-06;0,7982;23,1013;0,0345522
-12,5893;-28,4804;2,94703e-06;3,37069e-06;0,854087;28,4804;0,0299886
-12,5893;-35,1119;4,48277e-06;4,16976e-06;0,896413;35,1119;0,0255302
-12,5893;-43,2876;6,79228e-06;6,13386e-06;0,936706;43,2876;0,0216391
-12,5893;-53,367;1,02986e-05;7,12372e-06;0,979555;53,367;0,0183551
-12,5893;-65,7933;1,56506e-05;7,43891e-06;1,03036;65,7933;0,0156605
-12,5893;-81,1131;2,29068e-05;1,33421e-05;1,09119;81,1131;0,0134527
-12,5893;-100;3,37456e-05;1,47986e-05;1,1641;100;0,011641
-10;-0,1;3,31244e-11;1,37566e-11;0,000952367;0,1;0,00952367
-10;-0,123285;5,13684e-11;3,1011e-11;0,00121638;0,123285;0,00986643
-10;-0,151991;7,88469e-11;3,32141e-11;0,00154188;0,151991;0,0101446
-10;-0,187382;1,20799e-10;4,96021e-11;0,00194321;0,187382;0,0103703
-10;-0,231013;1,85448e-10;1,0964e-10;0,00243805;0,231013;0,0105537
-10;-0,284804;2,86798e-10;1,1694e-10;0,00304824;0,284804;0,0107029
-10;-0,351119;4,32888e-10;1,75827e-10;0,00380072;0,351119;0,0108246
-10;-0,432876;6,60065e-10;2,83512e-10;0,00472886;0,432876;0,0109243
-10;-0,53367;1,01554e-09;5,82218e-10;0,00587392;0,53367;0,0110066
-10;-0,657933;1,56109e-09;9,72798e-10;0,00728713;0,657933;0,0110758
-10;-0,811131;2,33568e-09;1,52112e-09;0,00903228;0,811131;0,0111354
-10;-1;3,58449e-09;2,34762e-09;0,0111892;1;0,0111892
-10;-1,23285;5,43536e-09;3,39918e-09;0,0138586;1,23285;0,0112412
-10;-1,51991;8,44274e-09;5,43371e-09;0,0171689;1,51991;0,011296
-10;-1,87382;1,2937e-08;8,8307e-09;0,0212864;1,87382;0,0113599
-10;-2,31013;1,95388e-08;8,88485e-09;0,0264315;2,31013;0,0114416
-10;-2,84804;2,98764e-08;2,41914e-08;0,0329059;2,84804;0,0115539
-10;-3,51119;4,52587e-08;3,33209e-08;0,0411386;3,51119;0,0117164
-10;-4,32876;6,81724e-08;7,60242e-08;0,0517732;4,32876;0,0119603
-10;-5,3367;1,04129e-07;1,60109e-07;0,0658346;5,3367;0,0123362
-10;-6,57933;1,57072e-07;3,41759e-07;0,0850736;6,57933;0,0129304
-10;-8,11131;2,389e-07;4,84565e-07;0,112724;8,11131;0,0138971
-10;-10;3,66111e-07;4,37278e-07;0,155284;10;0,0155284
-10;-12,3285;5,51501e-07;1,20707e-06;0,227039;12,3285;0,0184159
-10;-15,1991;8,38447e-07;8,24331e-07;0,362692;15,1991;0,0238627
-10;-18,7382;1,28927e-06;1,49221e-06;0,646172;18,7382;0,0344842
-10;-23,1013;1,93415e-06;1,21662e-06;0,7982;23,1013;0,0345522
-10;-28,4804;2,94703e-06;3,37069e-06;0,854087;28,4804;0,0299886
-10;-35,1119;4,48277e-06;4,16976e-06;0,896413;35,1119;0,0255302
-10;-43,2876;6,79228e-06;6,13386e-06;0,936706;43,2876;0,0216391
-10;-53,367;1,02986e-05;7,12372e-06;0,979555;53,367;0,0183551
-10;-65,7933;1,56506e-05;7,43895e-06;1,03036;65,7933;0,0156605
-10;-81,1131;2,29068e-05;1,33421e-05;1,09119;81,1131;0,0134527
-10;-100;3,37456e-05;1,47986e-05;1,1641;100;0,011641
-7,94328;-0,1;3,31244e-11;1,37566e-11;0,000952367;0,1;0,00952367
-7,94328;-0,123285;5,13684e-11;3,1011e-11;0,00121638;0,123285;0,00986643
-7,94328;-0,151991;7,88469e-11;3,32141e-11;0,00154188;0,151991;0,0101446
-7,94328;-0,187382;1,20799e-10;4,96021e-11;0,00194321;0,187382;0,0103703
-7,94328;-0,231013;1,85448e-10;1,0964e-10;0,00243805;0,231013;0,0105537
-7,94328;-0,284804;2,86798e-10;1,1694e-10;0,00304824;0,284804;0,0107029
-7,94328;-0,351119;4,32888e-10;1,75827e-10;0,00380072;0,351119;0,0108246
-7,94328;-0,432876;6,60065e-10;2,83512e-10;0,00472886;0,432876;0,0109243
-7,94328;-0,53367;1,01554e-09;5,82218e-10;0,00587392;0,53367;0,0110066
-7,94328;-0,657933;1,56109e-09;9,72798e-10;0,00728713;0,657933;0,0110758
-7,94328;-0,811131;2,33568e-09;1,52112e-09;0,00903228;0,811131;0,0111354
-7,94328;-1;3,58449e-09;2,34762e-09;0,0111892;1;0,0111892
-7,94328;-1,23285;5,43536e-09;3,39918e-09;0,0138586;1,23285;0,0112412
-7,94328;-1,51991;8,44274e-09;5,43371e-09;0,0171689;1,51991;0,011296
-7,94328;-1,87382;1,2937e-08;8,8307e-09;0,0212864;1,87382;0,0113599
-7,94328;-2,31013;1,95388e-08;8,88485e-09;0,0264315;2,31013;0,0114416
-7,94328;-2,84804;2,98764e-08;2,41914e-08;0,0329059;2,84804;0,0115539
-7,94328;-3,51119;4,52587e-08;3,33209e-08;0,0411386;3,51119;0,0117164
-7,94328;-4,32876;6,81724e-08;7,60242e-08;0,0517732;4,32876;0,0119603
-7,94328;-5,3367;1,04129e-07;1,60109e-07;0,0658346;5,3367;0,0123362
-7,94328;-6,57933;1,57072e-07;3,41759e-07;0,0850736;6,57933;0,0129304
-7,94328;-8,11131;2,389e-07;4,84565e-07;0,112724;8,11131;0,0138971
-7,94328;-10;3,66111e-07;4,37278e-07;0,155284;10;0,0155284
-7,94328;-12,3285;5,51501e-07;1,20707e-06;0,227039;12,3285;0,0184159
-7,94328;-15,1991;8,38447e-07;8,24331e-07;0,362692;15,1991;0,0238627
-7,94328;-18,7382;1,28927e-06;1,49221e-06;0,646172;18,7382;0,0344842
-7,94328;-23,1013;1,93415e-06;1,21662e-06;0,7982;23,1013;0,0345522
-7,94328;-28,4804;2,94703e-06;3,37069e-06;0,854087;28,4804;0,0299886
-7,94328;-35,1119;4,48277e-06;4,16976e-06;0,896413;35,1119;0,0255302
-7,94328;-43,2876;6,79228e-06;6,13386e-06;0,936706;43,2876;0,0216391
-7,94328;-53,367;1,02986e-05;7,12372e-06;0,979555;53,367;0,0183551
-7,94328;-65,7933;1,56506e-05;7,43893e-06;1,03036;65,7933;0,0156605
-7,94328;-81,1131;2,29068e-05;1,33421e-05;1,09119;81,1131;0,0134527
-7,94328;-100;3,37456e-05;1,47986e-05;1,1641;100;0,011641
-6,30957;-0,1;3,31244e-11;1,37566e-11;0,000952367;0,1;0,00952367
-6,30957;-0,123285;5,13684e-11;3,1011e-11;0,00121638;0,123285;0,00986643
-6,30957;-0,151991;7,88469e-11;3,32141e-11;0,00154188;0,151991;0,0101446
-6,30957;-0,187382;1,20799e-10;4,96021e-11;0,00194321;0,187382;0,0103703
-6,30957;-0,231013;1,85448e-10;1,0964e-10;0,00243805;0,231013;0,0105537
-6,30957;-0,284804;2,86798e-10;1,1694e-10;0,00304824;0,284804;0,0107029
-6,30957;-0,351119;4,32888e-10;1,75827e-10;0,00380072;0,351119;0,0108246
-6,30957;-0,432876;6,60065e-10;2,83512e-10;0,00472886;0,432876;0,0109243
-6,30957;-0,53367;1,01554e-09;5,82218e-10;0,00587392;0,53367;0,0110066
-6,30957;-0,657933;1,56109e-09;9,72798e-10;0,00728713;0,657933;0,0110758
-6,30957;-0,811131;2,33568e-09;1,52112e-09;0,00903228;0,811131;0,0111354
-6,30957;-1;3,58449e-09;2,34762e-09;0,0111892;1;0,0111892
-6,30957;-1,23285;5,43536e-09;3,39918e-09;0,0138586;1,23285;0,0112412
-6,30957;-1,51991;8,44274e-09;5,43371e-09;0,0171689;1,51991;0,011296
-6,30957;-1,87382;1,2937e-08;8,8307e-09;0,0212864;1,87382;0,0113599
-6,30957;-2,31013;1,95388e-08;8,88485e-09;0,0264315;2,31013;0,0114416
-6,30957;-2,84804;2,98764e-08;2,41914e-08;0,0329059;2,84804;0,0115539
-6,30957;-3,51119;4,52587e-08;3,33209e-08;0,0411386;3,51119;0,0117164
-6,30957;-4,32876;6,81724e-08;7,60242e-08;0,0517732;4,32876;0,0119603
-6,30957;-5,3367;1,04129e-07;1,60109e-07;0,0658346;5,3367;0,0123362
-6,30957;-6,57933;1,57072e-07;3,41759e-07;0,0850736;6,57933;0,0129304
-6,30957;-8,11131;2,389e-07;4,84565e-07;0,112724;8,11131;0,0138971
-6,30957;-10;3,66111e-07;4,37278e-07;0,155284;10;0,0155284
-6,30957;-12,3285;5,51501e-07;1,20707e-06;0,227039;12,3285;0,0184159
-6,30957;-15,1991;8,38447e-07;8,24331e-07;0,362692;15,1991;0,0238627
-6,30957;-18,7382;1,28927e-06;1,49221e-06;0,646172;18,7382;0,0344842
-6,30957;-23,1013;1,93415e-06;1,21662e-06;0,7982;23,1013;0,0345522
-6,30957;-28,4804;2,94703e-06;3,37069e-06;0,854087;28,4804;0,0299886
-6,30957;-35,1119;4,48277e-06;4,16976e-06;0,896413;35,1119;0,0255302
-6,30957;-43,2876;6,79228e-06;6,13386e-06;0,936706;43,2876;0,0216391
-6,30957;-53,367;1,02986e-05;7,12372e-06;0,979555;53,367;0,0183551
-6,30957;-65,7933;1,56506e-05;7,43893e-06;1,03036;65,7933;0,0156605
-6,30957;-81,1131;2,29068e-05;1,33421e-05;1,09119;81,1131;0,0134527
-6,30957;-100;3,37456e-05;1,47986e-05;1,1641;100;0,011641
-5,01187;-0,1;3,31244e-11;1,37566e-11;0,000952367;0,1;0,00952367
-5,01187;-0,123285;5,13684e-11;3,1011e-11;0,00121638;0,123285;0,00986643
-5,01187;-0,151991;7,88469e-11;3,32141e-11;0,00154188;0,151991;0,0101446
-5,01187;-0,187382;1,20799e-10;4,96021e-11;0,00194321;0,187382;0,0103703
-5,01187;-0,231013;1,85448e-10;1,0964e-10;0,00243805;0,231013;0,0105537
-5,01187;-0,284804;2,86798e-10;1,1694e-10;0,00304824;0,284804;0,0107029
-5,01187;-0,351119;4,32888e-10;1,75827e-10;0,00380072;0,351119;0,0108246
-5,01187;-0,432876;6,60065e-10;2,83512e-10;0,00472886;0,432876;0,0109243
-5,01187;-0,53367;1,01554e-09;5,82218e-10;0,00587392;0,53367;0,0110066
-5,01187;-0,657933;1,56109e-09;9,72798e-10;0,00728713;0,657933;0,0110758
-5,01187;-0,811131;2,33568e-09;1,52112e-09;0,00903228;0,811131;0,0111354
-5,01187;-1;3,58449e-09;2,34762e-09;0,0111892;1;0,0111892
-5,01187;-1,23285;5,43536e-09;3,39918e-09;0,0138586;1,23285;0,0112412
-5,01187;-1,51991;8,44274e-09;5,43371e-09;0,0171689;1,51991;0,011296
-5,01187;-1,87382;1,2937e-08;8,8307e-09;0,0212864;1,87382;0,0113599
-5,01187;-2,31013;1,95388e-08;8,88485e-09;0,0264315;2,31013;0,0114416
-5,01187;-2,84804;2,98764e-08;2,41914e-08;0,0329059;2,84804;0,0115539
-5,01187;-3,51119;4,52587e-08;3,33209e-08;0,0411386;3,51119;0,0117164
-5,01187;-4,32876;6,81724e-08;7,60242e-08;0,0517732;4,32876;0,0119603
-5,01187;-5,3367;1,04129e-07;1,60109e-07;0,0658346;5,3367;0,0123362
-5,01187;-6,57933;1,57072e-07;3,41759e-07;0,0850736;6,57933;0,0129304
-5,01187;-8,11131;2,389e-07;4,84565e-07;0,112724;8,11131;0,0138971
-5,01187;-10;3,66111e-07;4,37278e-07;0,155284;10;0,0155284
-5,01187;-12,3285;5,51501e-07;1,20707e-06;0,227039;12,3285;0,0184159
-5,01187;-15,1991;8,38447e-07;8,24331e-07;0,362692;15,1991;0,0238627
-5,01187;-18,7382;1,28927e-06;1,49221e-06;0,646172;18,7382;0,0344842
-5,01187;-23,1013;1,93415e-06;1,21662e-06;0,7982;23,1013;0,0345522
-5,01187;-28,4804;2,94703e-06;3,37069e-06;0,854087;28,4804;0,0299886
-5,01187;-35,1119;4,48277e-06;4,16976e-06;0,896413;35,1119;0,0255302
-5,01187;-43,2876;6,79228e-06;6,13386e-06;0,936706;43,2876;0,0216391
-5,01187;-53,367;1,02986e-05;7,12372e-06;0,979555;53,367;0,0183551
-5,01187;-65,7933;1,56506e-05;7,43885e-06;1,03036;65,7933;0,0156605
-5,01187;-81,1131;2,29068e-05;1,33421e-05;1,09119;81,1131;0,0134527
-5,01187;-100;3,37456e-05;1,47986e-05;1,1641;100;0,011641
-3,98107;-0,1;3,31244e-11;1,37566e-11;0,000952367;0,1;0,00952367
-3,98107;-0,123285;5,13684e-11;3,1011e-11;0,00121638;0,123285;0,00986643
-3,98107;-0,151991;7,88469e-11;3,32141e-11;0,00154188;0,151991;0,0101446
-3,98107;-0,187382;1,20799e-10;4,96021e-11;0,00194321;0,187382;0,0103703
-3,98107;-0,231013;1,85448e-10;1,0964e-10;0,00243805;0,231013;0,0105537
-3,98107;-0,284804;2,86798e-10;1,1694e-10;0,00304824;0,284804;0,0107029
-3,98107;-0,351119;4,32888e-10;1,75827e-10;0,00380072;0,351119;0,0108246
-3,98107;-0,432876;6,60065e-10;2,83512e-10;0,00472886;0,432876;0,0109243
-3,98107;-0,53367;1,01554e-09;5,82218e-10;0,00587392;0,53367;0,0110066
-3,98107;-0,657933;1,56109e-09;9,72798e-10;0,00728713;0,657933;0,0110758
-3,98107;-0,811131;2,33568e-09;1,52112e-09;0,00903228;0,811131;0,0111354
-3,98107;-1;3,58449e-09;2,34762e-09;0,0111892;1;0,0111892
-3,98107;-1,23285;5,43536e-09;3,39918e-09;0,0138586;1,23285;0,0112412
-3,98107;-1,51991;8,44274e-09;5,43371e-09;0,0171689;1,51991;0,011296
-3,98107;-1,87382;1,2937e-08;8,8307e-09;0,0212864;1,87382;0,0113599
-3,98107;-2,31013;1,95388e-08;8,88485e-09;0,0264315;2,31013;0,0114416
-3,98107;-2,84804;2,98764e-08;2,41914e-08;0,0329059;2,84804;0,0115539
-3,98107;-3,51119;4,52587e-08;3,33209e-08;0,0411386;3,51119;0,0117164
-3,98107;-4,32876;6,81724e-08;7,60242e-08;0,0517732;4,32876;0,0119603
-3,98107;-5,3367;1,04129e-07;1,60109e-07;0,0658346;5,3367;0,0123362
-3,98107;-6,57933;1,57072e-07;3,41759e-07;0,0850736;6,57933;0,0129304
-3,98107;-8,11131;2,389e-07;4,84565e-07;0,112724;8,11131;0,0138971
-3,98107;-10;3,66111e-07;4,37278e-07;0,155284;10;0,0155284
-3,98107;-12,3285;5,51501e-07;1,20707e-06;0,227039;12,3285;0,0184159
-3,98107;-15,1991;8,38447e-07;8,24331e-07;0,362692;15,1991;0,0238627
-3,98107;-18,7382;1,28927e-06;1,49221e-06;0,646172;18,7382;0,0344842
-3,98107;-23,1013;1,93415e-06;1,21662e-06;0,7982;23,1013;0,0345522
-3,98107;-28,4804;2,94703e-06;3,37069e-06;0,854087;28,4804;0,0299886
-3,98107;-35,1119;4,48277e-06;4,16976e-06;0,896413;35,1119;0,0255302
-3,98107;-43,2876;6,79228e-06;6,13386e-06;0,936706;43,2876;0,0216391
-3,98107;-53,367;1,02986e-05;7,12372e-06;0,979555;53,367;0,0183551
-3,98107;-65,7933;1,56506e-05;7,43889e-06;1,03036;65,7933;0,0156605
-3,98107;-81,1131;2,29068e-05;1,33421e-05;1,09119;81,1131;0,0134527
-3,98107;-100;3,37456e-05;1,47986e-05;1,1641;100;0,011641
-3,16228;-0,1;3,31244e-11;1,37566e-11;0,000952367;0,1;0,00952367
-3,16228;-0,123285;5,13684e-11;3,1011e-11;0,00121638;0,123285;0,00986643
-3,16228;-0,151991;7,88469e-11;3,32141e-11;0,00154188;0,151991;0,0101446
-3,16228;-0,187382;1,20799e-10;4,96021e-11;0,00194321;0,187382;0,0103703
-3,16228;-0,231013;1,85448e-10;1,0964e-10;0,00243805;0,231013;0,0105537
-3,16228;-0,284804;2,86798e-10;1,1694e-10;0,00304824;0,284804;0,0107029
-3,16228;-0,351119;4,32888e-10;1,75827e-10;0,00380072;0,351119;0,0108246
-3,16228;-0,432876;6,60065e-10;2,83512e-10;0,00472886;0,432876;0,0109243
-3,16228;-0,53367;1,01554e-09;5,82218e-10;0,00587392;0,53367;0,0110066
-3,16228;-0,657933;1,56109e-09;9,72798e-10;0,00728713;0,657933;0,0110758
-3,16228;-0,811131;2,33568e-09;1,52112e-09;0,00903228;0,811131;0,0111354
-3,16228;-1;3,58449e-09;2,34762e-09;0,0111892;1;0,0111892
-3,16228;-1,23285;5,43536e-09;3,39918e-09;0,0138586;1,23285;0,0112412
-3,16228;-1,51991;8,44274e-09;5,43371e-09;0,0171689;1,51991;0,011296
-3,16228;-1,87382;1,2937e-08;8,8307e-09;0,0212864;1,87382;0,0113599
-3,16228;-2,31013;1,95388e-08;8,88485e-09;0,0264315;2,31013;0,0114416
-3,16228;-2,84804;2,98764e-08;2,41914e-08;0,0329059;2,84804;0,0115539
-3,16228;-3,51119;4,52587e-08;3,33209e-08;0,0411386;3,51119;0,0117164
-3,16228;-4,32876;6,81724e-08;7,60242e-08;0,0517732;4,32876;0,0119603
-3,16228;-5,3367;1,04129e-07;1,60109e-07;0,0658346;5,3367;0,0123362
-3,16228;-6,57933;1,57072e-07;3,41759e-07;0,0850736;6,57933;0,0129304
-3,16228;-8,11131;2,389e-07;4,84565e-07;0,112724;8,11131;0,0138971
-3,16228;-10;3,66111e-07;4,37278e-07;0,155284;10;0,0155284
-3,16228;-12,3285;5,51501e-07;1,20707e-06;0,227039;12,3285;0,0184159
-3,16228;-15,1991;8,38447e-07;8,24331e-07;0,362692;15,1991;0,0238627
-3,16228;-18,7382;1,28927e-06;1,49221e-06;0,646172;18,7382;0,0344842
-3,16228;-23,1013;1,93415e-06;1,21662e-06;0,7982;23,1013;0,0345522
-3,16228;-28,4804;2,94703e-06;3,37069e-06;0,854087;28,4804;0,0299886
-3,16228;-35,1119;4,48277e-06;4,16976e-06;0,896413;35,1119;0,0255302
-3,16228;-43,2876;6,79228e-06;6,13386e-06;0,936706;43,2876;0,0216391
-3,16228;-53,367;1,02986e-05;7,12372e-06;0,979555;53,367;0,0183551
-3,16228;-65,7933;1,56506e-05;7,43898e-06;1,03036;65,7933;0,0156605
-3,16228;-81,1131;2,29068e-05;1,33421e-05;1,09119;81,1131;0,0134527
-3,16228;-100;3,37456e-05;1,47986e-05;1,1641;100;0,011641
-2,51189;-0,1;3,31244e-11;1,37566e-11;0,000952367;0,1;0,00952367
-2,51189;-0,123285;5,13684e-11;3,1011e-11;0,00121638;0,123285;0,00986643
-2,51189;-0,151991;7,88469e-11;3,32141e-11;0,00154188;0,151991;0,0101446
-2,51189;-0,187382;1,20799e-10;4,96021e-11;0,00194321;0,187382;0,0103703
-2,51189;-0,231013;1,85448e-10;1,0964e-10;0,00243805;0,231013;0,0105537
-2,51189;-0,284804;2,86798e-10;1,1694e-10;0,00304824;0,284804;0,0107029
-2,51189;-0,351119;4,32888e-10;1,75827e-10;0,00380072;0,351119;0,0108246
-2,51189;-0,432876;6,60065e-10;2,83512e-10;0,00472886;0,432876;0,0109243
-2,51189;-0,53367;1,01554e-09;5,82218e-10;0,00587392;0,53367;0,0110066
-2,51189;-0,657933;1,56109e-09;9,72798e-10;0,00728713;0,657933;0,0110758
-2,51189;-0,811131;2,33568e-09;1,52112e-09;0,00903228;0,811131;0,0111354
-2,51189;-1;3,58449e-09;2,34762e-09;0,0111892;1;0,0111892
-2,51189;-1,23285;5,43536e-09;3,39918e-09;0,0138586;1,23285;0,0112412
-2,51189;-1,51991;8,44274e-09;5,43371e-09;0,0171689;1,51991;0,011296
-2,51189;-1,87382;1,2937e-08;8,8307e-09;0,0212864;1,87382;0,0113599
-2,51189;-2,31013;1,95388e-08;8,88485e-09;0,0264315;2,31013;0,0114416
-2,51189;-2,84804;2,98764e-08;2,41914e-08;0,0329059;2,84804;0,0115539
-2,51189;-3,51119;4,52587e-08;3,33209e-08;0,0411386;3,51119;0,0117164
-2,51189;-4,32876;6,81724e-08;7,60242e-08;0,0517732;4,32876;0,0119603
-2,51189;-5,3367;1,04129e-07;1,60109e-07;0,0658346;5,3367;0,0123362
-2,51189;-6,57933;1,57072e-07;3,41759e-07;0,0850736;6,57933;0,0129304
-2,51189;-8,11131;2,389e-07;4,84565e-07;0,112724;8,11131;0,0138971
-2,51189;-10;3,66111e-07;4,37278e-07;0,155284;10;0,0155284
-2,51189;-12,3285;5,51501e-07;1,20707e-06;0,227039;12,3285;0,0184159
-2,51189;-15,1991;8,38447e-07;8,24331e-07;0,362692;15,1991;0,0238627
-2,51189;-18,7382;1,28927e-06;1,49221e-06;0,646172;18,7382;0,0344842
-2,51189;-23,1013;1,93415e-06;1,21662e-06;0,7982;23,1013;0,0345522
-2,51189;-28,4804;2,94703e-06;3,37069e-06;0,854087;28,4804;0,0299886
-2,51189;-35,1119;4,48277e-06;4,16976e-06;0,896413;35,1119;0,0255302
-2,51189;-43,2876;6,79228e-06;6,13386e-06;0,936706;43,2876;0,0216391
-2,51189;-53,367;1,02986e-05;7,12372e-06;0,979555;53,367;0,0183551
-2,51189;-65,7933;1,56506e-05;7,43892e-06;1,03036;65,7933;0,0156605
-2,51189;-81,1131;2,29068e-05;1,33421e-05;1,09119;81,1131;0,0134527
-2,51189;-100;3,37456e-05;1,47986e-05;1,1641;100;0,011641
-1,99526;-0,1;3,31244e-11;1,37566e-11;0,000952367;0,1;0,00952367
-1,99526;-0,123285;5,13684e-11;3,1011e-11;0,00121638;0,123285;0,00986643
-1,99526;-0,151991;7,88469e-11;3,32141e-11;0,00154188;0,151991;0,0101446
-1,99526;-0,187382;1,20799e-10;4,96021e-11;0,00194321;0,187382;0,0103703
-1,99526;-0,231013;1,85448e-10;1,0964e-10;0,00243805;0,231013;0,0105537
-1,99526;-0,284804;2,86798e-10;1,1694e-10;0,00304824;0,284804;0,0107029
-1,99526;-0,351119;4,32888e-10;1,75827e-10;0,00380072;0,351119;0,0108246
-1,99526;-0,432876;6,60065e-10;2,83512e-10;0,00472886;0,432876;0,0109243
-1,99526;-0,53367;1,01554e-09;5,82218e-10;0,00587392;0,53367;0,0110066
-1,99526;-0,657933;1,56109e-09;9,72798e-10;0,00728713;0,657933;0,0110758
-1,99526;-0,811131;2,33568e-09;1,52112e-09;0,00903228;0,811131;0,0111354
-1,99526;-1;3,58449e-09;2,34762e-09;0,0111892;1;0,0111892
-1,99526;-1,23285;5,43536e-09;3,39918e-09;0,0138586;1,23285;0,0112412
-1,99526;-1,51991;8,44274e-09;5,43371e-09;0,0171689;1,51991;0,011296
-1,99526;-1,87382;1,2937e-08;8,8307e-09;0,0212864;1,87382;0,0113599
-1,99526;-2,31013;1,95388e-08;8,88485e-09;0,0264315;2,31013;0,0114416
-1,99526;-2,84804;2,98764e-08;2,41914e-08;0,0329059;2,84804;0,0115539
-1,99526;-3,51119;4,52587e-08;3,33209e-08;0,0411386;3,51119;0,0117164
-1,99526;-4,32876;6,81724e-08;7,60242e-08;0,0517732;4,32876;0,0119603
-1,99526;-5,3367;1,04129e-07;1,60109e-07;0,0658346;5,3367;0,0123362
-1,99526;-6,57933;1,57072e-07;3,41759e-07;0,0850736;6,57933;0,0129304
-1,99526;-8,11131;2,389e-07;4,84565e-07;0,112724;8,11131;0,0138971
-1,99526;-10;3,66111e-07;4,37278e-07;0,155284;10;0,0155284
-1,99526;-12,3285;5,51501e-07;1,20707e-06;0,227039;12,3285;0,0184159
-1,99526;-15,1991;8,38447e-07;8,24331e-07;0,362692;15,1991;0,0238627
-1,99526;-18,7382;1,28927e-06;1,49221e-06;0,646172;18,7382;0,0344842
-1,99526;-23,1013;1,93415e-06;1,21662e-06;0,7982;23,1013;0,0345522
-1,99526;-28,4804;2,94703e-06;3,37069e-06;0,854087;28,4804;0,0299886
-1,99526;-35,1119;4,48277e-06;4,16976e-06;0,896413;35,1119;0,0255302
-1,99526;-43,2876;6,79228e-06;6,13386e-06;0,936706;43,2876;0,0216391
-1,99526;-53,367;1,02986e-05;7,12372e-06;0,979555;53,367;0,0183551
-1,99526;-65,7933;1,56506e-05;7,43892e-06;1,03036;65,7933;0,0156605
-1,99526;-81,1131;2,29068e-05;1,33421e-05;1,09119;81,1131;0,0134527
-1,99526;-100;3,37456e-05;1,47986e-05;1,1641;100;0,011641
-1,58489;-0,1;3,31244e-11;1,37566e-11;0,000952367;0,1;0,00952367
-1,58489;-0,123285;5,13684e-11;3,1011e-11;0,00121638;0,123285;0,00986643
-1,58489;-0,151991;7,88469e-11;3,32141e-11;0,00154188;0,151991;0,0101446
-1,58489;-0,187382;1,20799e-10;4,96021e-11;0,00194321;0,187382;0,0103703
-1,58489;-0,231013;1,85448e-10;1,0964e-10;0,00243805;0,231013;0,0105537
-1,58489;-0,284804;2,86798e-10;1,1694e-10;0,00304824;0,284804;0,0107029
-1,58489;-0,351119;4,32888e-10;1,75827e-10;0,00380072;0,351119;0,0108246
-1,58489;-0,432876;6,60065e-10;2,83512e-10;0,00472886;0,432876;0,0109243
-1,58489;-0,53367;1,01554e-09;5,82218e-10;0,00587392;0,53367;0,0110066
-1,58489;-0,657933;1,56109e-09;9,72798e-10;0,00728713;0,657933;0,0110758
-1,58489;-0,811131;2,33568e-09;1,52112e-09;0,00903228;0,811131;0,0111354
-1,58489;-1;3,58449e-09;2,34762e-09;0,0111892;1;0,0111892
-1,58489;-1,23285;5,43536e-09;3,39918e-09;0,0138586;1,23285;0,0112412
-1,58489;-1,51991;8,44274e-09;5,43371e-09;0,0171689;1,51991;0,011296
-1,58489;-1,87382;1,2937e-08;8,8307e-09;0,0212864;1,87382;0,0113599
-1,58489;-2,31013;1,95388e-08;8,88485e-09;0,0264315;2,31013;0,0114416
-1,58489;-2,84804;2,98764e-08;2,41914e-08;0,0329059;2,84804;0,0115539
-1,58489;-3,51119;4,52587e-08;3,33209e-08;0,0411386;3,51119;0,0117164
-1,58489;-4,32876;6,81724e-08;7,60242e-08;0,0517732;4,32876;0,0119603
-1,58489;-5,3367;1,04129e-07;1,60109e-07;0,0658346;5,3367;0,0123362
-1,58489;-6,57933;1,57072e-07;3,41759e-07;0,0850736;6,57933;0,0129304
-1,58489;-8,11131;2,389e-07;4,84565e-07;0,112724;8,11131;0,0138971
-1,58489;-10;3,66111e-07;4,37278e-07;0,155284;10;0,0155284
-1,58489;-12,3285;5,51501e-07;1,20707e-06;0,227039;12,3285;0,0184159
-1,58489;-15,1991;8,38447e-07;8,24331e-07;0,362692;15,1991;0,0238627
-1,58489;-18,7382;1,28927e-06;1,49221e-06;0,646172;18,7382;0,0344842
-1,58489;-23,1013;1,93415e-06;1,21662e-06;0,7982;23,1013;0,0345522
-1,58489;-28,4804;2,94703e-06;3,37069e-06;0,854087;28,4804;0,0299886
-1,58489;-35,1119;4,48277e-06;4,16976e-06;0,896413;35,1119;0,0255302
-1,58489;-43,2876;6,79228e-06;6,13386e-06;0,936706;43,2876;0,0216391
-1,58489;-53,367;1,02986e-05;7,12372e-06;0,979555;53,367;0,0183551
-1,58489;-65,7933;1,56506e-05;7,43888e-06;1,03036;65,7933;0,0156605
-1,58489;-81,1131;2,29068e-05;1,33421e-05;1,09119;81,1131;0,0134527
-1,58489;-100;3,37456e-05;1,47986e-05;1,1641;100;0,011641
-1,25893;-0,1;3,31244e-11;1,37566e-11;0,000952367;0,1;0,00952367
-1,25893;-0,123285;5,13684e-11;3,1011e-11;0,00121638;0,123285;0,00986643
-1,25893;-0,151991;7,88469e-11;3,32141e-11;0,00154188;0,151991;0,0101446
-1,25893;-0,187382;1,20799e-10;4,96021e-11;0,00194321;0,187382;0,0103703
-1,25893;-0,231013;1,85448e-10;1,0964e-10;0,00243805;0,231013;0,0105537
-1,25893;-0,284804;2,86798e-10;1,1694e-10;0,00304824;0,284804;0,0107029
-1,25893;-0,351119;4,32888e-10;1,75827e-10;0,00380072;0,351119;0,0108246
-1,25893;-0,432876;6,60065e-10;2,83512e-10;0,00472886;0,432876;0,0109243
-1,25893;-0,53367;1,01554e-09;5,82218e-10;0,00587392;0,53367;0,0110066
-1,25893;-0,657933;1,56109e-09;9,72798e-10;0,00728713;0,657933;0,0110758
-1,25893;-0,811131;2,33568e-09;1,52112e-09;0,00903228;0,811131;0,0111354
-1,25893;-1;3,58449e-09;2,34762e-09;0,0111892;1;0,0111892
-1,25893;-1,23285;5,43536e-09;3,39918e-09;0,0138586;1,23285;0,0112412
-1,25893;-1,51991;8,44274e-09;5,43371e-09;0,0171689;1,51991;0,011296
-1,25893;-1,87382;1,2937e-08;8,8307e-09;0,0212864;1,87382;0,0113599
-1,25893;-2,31013;1,95388e-08;8,88485e-09;0,0264315;2,31013;0,0114416
-1,25893;-2,84804;2,98764e-08;2,41914e-08;0,0329059;2,84804;0,0115539
-1,25893;-3,51119;4,52587e-08;3,33209e-08;0,0411386;3,51119;0,0117164
-1,25893;-4,32876;6,81724e-08;7,60242e-08;0,0517732;4,32876;0,0119603
-1,25893;-5,3367;1,04129e-07;1,60109e-07;0,0658346;5,3367;0,0123362
-1,25893;-6,57933;1,57072e-07;3,41759e-07;0,0850736;6,57933;0,0129304
-1,25893;-8,11131;2,389e-07;4,84565e-07;0,112724;8,11131;0,0138971
-1,25893;-10;3,66111e-07;4,37278e-07;0,155284;10;0,0155284
-1,25893;-12,3285;5,51501e-07;1,20707e-06;0,227039;12,3285;0,0184159
-1,25893;-15,1991;8,38447e-07;8,24331e-07;0,362692;15,1991;0,0238627
-1,25893;-18,7382;1,28927e-06;1,49221e-06;0,646172;18,7382;0,0344842
-1,25893;-23,1013;1,93415e-06;1,21662e-06;0,7982;23,1013;0,0345522
-1,25893;-28,4804;2,94703e-06;3,37069e-06;0,854087;28,4804;0,0299886
-1,25893;-35,1119;4,48277e-06;4,16976e-06;0,896413;35,1119;0,0255302
-1,25893;-43,2876;6,79228e-06;6,13386e-06;0,936706;43,2876;0,0216391
-1,25893;-53,367;1,02986e-05;7,12372e-06;0,979555;53,367;0,0183551
-1,25893;-65,7933;1,56506e-05;7,43889e-06;1,03036;65,7933;0,0156605
-1,25893;-81,1131;2,29068e-05;1,33421e-05;1,09119;81,1131;0,0134527
-1,25893;-100;3,37456e-05;1,47986e-05;1,1641;100;0,011641
-1;-0,1;3,31244e-11;1,37566e-11;0,000952367;0,1;0,00952367
-1;-0,123285;5,13684e-11;3,1011e-11;0,00121638;0,123285;0,00986643
-1;-0,151991;7,88469e-11;3,32141e-11;0,00154188;0,151991;0,0101446
-1;-0,187382;1,20799e-10;4,96021e-11;0,00194321;0,187382;0,0103703
-1;-0,231013;1,85448e-10;1,0964e-10;0,00243805;0,231013;0,0105537
-1;-0,284804;2,86798e-10;1,1694e-10;0,00304824;0,284804;0,0107029
-1;-0,351119;4,32888e-10;1,75827e-10;0,00380072;0,351119;0,0108246
-1;-0,432876;6,60065e-10;2,83512e-10;0,00472886;0,432876;0,0109243
-1;-0,53367;1,01554e-09;5,82218e-10;0,00587392;0,53367;0,0110066
-1;-0,657933;1,56109e-09;9,72798e-10;0,00728713;0,657933;0,0110758
-1;-0,811131;2,33568e-09;1,52112e-09;0,00903228;0,811131;0,0111354
-1;-1;3,58449e-09;2,34762e-09;0,0111892;1;0,0111892
-1;-1,23285;5,43536e-09;3,39918e-09;0,0138586;1,23285;0,0112412
-1;-1,51991;8,44274e-09;5,43371e-09;0,0171689;1,51991;0,011296
-1;-1,87382;1,2937e-08;8,8307e-09;0,0212864;1,87382;0,0113599
-1;-2,31013;1,95388e-08;8,88485e-09;0,0264315;2,31013;0,0114416
-1;-2,84804;2,98764e-08;2,41914e-08;0,0329059;2,84804;0,0115539
-1;-3,51119;4,52587e-08;3,33209e-08;0,0411386;3,51119;0,0117164
-1;-4,32876;6,81724e-08;7,60242e-08;0,0517732;4,32876;0,0119603
-1;-5,3367;1,04129e-07;1,60109e-07;0,0658346;5,3367;0,0123362
-1;-6,57933;1,57072e-07;3,41759e-07;0,0850736;6,57933;0,0129304
-1;-8,11131;2,389e-07;4,84565e-07;0,112724;8,11131;0,0138971
-1;-10;3,66111e-07;4,37278e-07;0,155284;10;0,0155284
-1;-12,3285;5,51501e-07;1,20707e-06;0,227039;12,3285;0,0184159
-1;-15,1991;8,38447e-07;8,24331e-07;0,362692;15,1991;0,0238627
-1;-18,7382;1,28927e-06;1,49221e-06;0,646172;18,7382;0,0344842
-1;-23,1013;1,93415e-06;1,21662e-06;0,7982;23,1013;0,0345522
-1;-28,4804;2,94703e-06;3,37069e-06;0,854087;28,4804;0,0299886
-1;-35,1119;4,48277e-06;4,16976e-06;0,896413;35,1119;0,0255302
-1;-43,2876;6,79228e-06;6,13386e-06;0,936706;43,2876;0,0216391
-1;-53,367;1,02986e-05;7,12372e-06;0,979555;53,367;0,0183551
-1;-65,7933;1,56506e-05;7,43892e-06;1,03036;65,7933;0,0156605
-1;-81,1131;2,29068e-05;1,33421e-05;1,09119;81,1131;0,0134527
-1;-100;3,37456e-05;1,47986e-05;1,1641;100;0,011641
1;0,1;7,71792e-09;1,80081e-07;0,000571365;0,1;0
1;0,123285;7,68266e-09;1,83292e-07;0,000704407;0,123285;0
1;0,151991;8,92951e-09;1,86752e-07;0,000868427;0,151991;0
1;0,187382;1,00135e-08;1,90794e-07;0,00107064;0,187382;0
1;0,231013;1,02905e-08;1,95276e-07;0,00131994;0,231013;0
1;0,284804;9,73135e-09;2,00266e-07;0,00162729;0,284804;0
1;0,351119;9,27207e-09;2,05783e-07;0,00200621;0,351119;0
1;0,432876;6,18743e-09;2,1176e-07;0,00247336;0,432876;0
1;0,53367;2,17728e-09;2,17927e-07;0,0030493;0,53367;0
1;0,657933;6,24163e-09;2,2466e-07;0,00375935;0,657933;0
1;0,811131;1,45073e-08;2,30815e-07;0,00463475;0,811131;0
1;1;3,33956e-08;2,37483e-07;0,00571401;1;0
1;1,23285;6,01332e-08;2,44795e-07;0,00704461;1,23285;0
1;1,51991;1,00357e-07;2,53183e-07;0,0086851;1,51991;0
1;1,87382;1,4726e-07;2,63345e-07;0,0107077;1,87382;0
1;2,31013;2,25293e-07;2,76931e-07;0,0132013;2,31013;0
1;2,84804;3,31159e-07;2,97524e-07;0,0162758;2,84804;0
1;3,51119;5,00419e-07;3,29226e-07;0,0200665;3,51119;0
1;4,32876;7,28157e-07;3,81104e-07;0,0247403;4,32876;0
1;5,3367;1,08824e-06;4,62048e-07;0,0305032;5,3367;0
1;6,57933;1,62679e-06;5,8199e-07;0,037609;6,57933;0
1;8,11131;2,32039e-06;7,54658e-07;0,0463711;8,11131;0
1;10;3,39962e-06;9,98858e-07;0,0571761;10;0
1;12,3285;5,17845e-06;1,34054e-06;0,0705009;12,3285;0
1;15,1991;7,64863e-06;1,82957e-06;0,0869343;15,1991;0
1;18,7382;1,14652e-05;2,52007e-06;0,107203;18,7382;0
1;23,1013;1,75011e-05;3,48517e-06;0,132206;23,1013;0
1;28,4804;2,66996e-05;4,88964e-06;0,163052;28,4804;0
1;35,1119;4,11459e-05;6,86545e-06;0,201113;35,1119;0
1;43,2876;5,85884e-05;9,67875e-06;0,248086;43,2876;0
1;53,367;9,26976e-05;1,36659e-05;0,306075;53,367;0
1;65,7933;0,000134717;1,93537e-05;0,377685;65,7933;0
1;81,1131;0,00021408;2,74047e-05;0,466155;81,1131;0
1;100;0,000318113;3,87196e-05;0,575514;100;0
1,25893;0,1;5,38651e-09;2,30154e-07;0,000571365;0,1;0
1,25893;0,123285;6,70978e-09;2,33624e-07;0,000704407;0,123285;0
1,25893;0,151991;6,95197e-09;2,37257e-07;0,000868427;0,151991;0
1,25893;0,187382;7,81854e-09;2,41499e-07;0,00107064;0,187382;0
1,25893;0,231013;7,59921e-09;2,46392e-07;0,00131994;0,231013;0
1,25893;0,284804;6,67783e-09;2,515e-07;0,00162729;0,284804;0
1,25893;0,351119;6,70843e-09;2,5747e-07;0,00200621;0,351119;0
1,25893;0,432876;4,25514e-09;2,63792e-07;0,00247336;0,432876;0
1,25893;0,53367;2,60937e-09;2,70524e-07;0,0030493;0,53367;0
1,25893;0,657933;1,13115e-08;2,78079e-07;0,00375935;0,657933;0
1,25893;0,811131;2,0529e-08;2,85009e-07;0,00463475;0,811131;0
1,25893;1;3,9865e-08;2,92432e-07;0,00571401;1;0
1,25893;1,23285;6,79504e-08;3,00946e-07;0,00704461;1,23285;0
1,25893;1,51991;1,08804e-07;3,10111e-07;0,0086851;1,51991;0
1,25893;1,87382;1,62456e-07;3,21632e-07;0,0107077;1,87382;0
1,25893;2,31013;2,40962e-07;3,35778e-07;0,0132013;2,31013;0
1,25893;2,84804;3,55555e-07;3,59042e-07;0,0162758;2,84804;0
1,25893;3,51119;5,1201e-07;3,93816e-07;0,0200665;3,51119;0
1,25893;4,32876;7,75704e-07;4,51338e-07;0,0247403;4,32876;0
1,25893;5,3367;1,14606e-06;5,42072e-07;0,0305032;5,3367;0
1,25893;6,57933;1,68283e-06;6,77715e-07;0,037609;6,57933;0
1,25893;8,11131;2,40291e-06;8,68738e-07;0,0463711;8,11131;0
1,25893;10;3,56053e-06;1,1358e-06;0,0571761;10;0
1,25893;12,3285;5,25282e-06;1,50935e-06;0,0705009;12,3285;0
1,25893;15,1991;8,06568e-06;2,03888e-06;0,0869343;15,1991;0
1,25893;18,7382;1,17253e-05;2,779e-06;0,107203;18,7382;0
1,25893;23,1013;1,80207e-05;3,83087e-06;0,132206;23,1013;0
1,25893;28,4804;2,72974e-05;5,30977e-06;0,163052;28,4804;0
1,25893;35,1119;3,94986e-05;7,41244e-06;0,201113;35,1119;0
1,25893;43,2876;5,90339e-05;1,03781e-05;0,248086;43,2876;0
1,25893;53,367;9,37521e-05;1,46091e-05;0,306075;53,367;0
1,25893;65,7933;0,000138383;2,0458e-05;0,377685;65,7933;0
1,25893;81,1131;0,000214144;2,90684e-05;0,466155;81,1131;0
1,25893;100;0,00030673;4,09009e-05;0,575514;100;0
1,58489;0,1;3,1253e-09;3,00453e-07;0,000571365;0,1;0
1,58489;0,123285;3,55787e-09;3,04003e-07;0,000704407;0,123285;0
1,58489;0,151991;4,42438e-09;3,08043e-07;0,000868427;0,151991;0
1,58489;0,187382;2,99299e-09;3,1252e-07;0,00107064;0,187382;0
1,58489;0,231013;3,20994e-09;3,17648e-07;0,00131994;0,231013;0
1,58489;0,284804;1,2672e-09;3,23485e-07;0,00162729;0,284804;0
1,58489;0,351119;8,12775e-10;3,29427e-07;0,00200621;0,351119;0
1,58489;0,432876;4,54211e-09;3,36608e-07;0,00247336;0,432876;0
1,58489;0,53367;1,02337e-08;3,43731e-07;0,0030493;0,53367;0
1,58489;0,657933;2,15878e-08;3,5207e-07;0,00375935;0,657933;0
1,58489;0,811131;3,56629e-08;3,59758e-07;0,00463475;0,811131;0
1,58489;1;5,42352e-08;3,6834e-07;0,00571401;1;0
1,58489;1,23285;8,53042e-08;3,77728e-07;0,00704461;1,23285;0
1,58489;1,51991;1,26437e-07;3,88577e-07;0,0086851;1,51991;0
1,58489;1,87382;1,86393e-07;4,0082e-07;0,0107077;1,87382;0
1,58489;2,31013;2,79104e-07;4,17006e-07;0,0132013;2,31013;0
1,58489;2,84804;4,02851e-07;4,41555e-07;0,0162758;2,84804;0
1,58489;3,51119;5,80433e-07;4,82662e-07;0,0200665;3,51119;0
1,58489;4,32876;8,29395e-07;5,49318e-07;0,0247403;4,32876;0
1,58489;5,3367;1,18365e-06;6,53695e-07;0,0305032;5,3367;0
1,58489;6,57933;1,78378e-06;8,07368e-07;0,037609;6,57933;0
1,58489;8,11131;2,51558e-06;1,02413e-06;0,0463711;8,11131;0
1,58489;10;3,61871e-06;1,32518e-06;0,0571761;10;0
1,58489;12,3285;5,40495e-06;1,74131e-06;0,0705009;12,3285;0
1,58489;15,1991;8,19619e-06;2,32022e-06;0,0869343;15,1991;0
1,58489;18,7382;1,25145e-05;3,13841e-06;0,107203;18,7382;0
1,58489;23,1013;1,8079e-05;4,26848e-06;0,132206;23,1013;0
1,58489;28,4804;2,77664e-05;5,88602e-06;0,163052;28,4804;0
1,58489;35,1119;4,14448e-05;8,14174e-06;0,201113;35,1119;0
1,58489;43,2876;5,96404e-05;1,13258e-05;0,248086;43,2876;0
1,58489;53,367;9,10996e-05;1,5737e-05;0,306075;53,367;0
1,58489;65,7933;0,000134965;2,21697e-05;0,377685;65,7933;0
1,58489;81,1131;0,000214001;3,11513e-05;0,466155;81,1131;0
1,58489;100;0,000327883;4,38248e-05;0,575514;100;0
1,99526;0,1;7,37328e-10;3,99501e-07;0,000571365;0,1;0
1,99526;0,123285;6,00285e-11;4,0344e-07;0,000704407;0,123285;0
1,99526;0,151991;3,25126e-10;4,07739e-07;0,000868427;0,151991;0
1,99526;0,187382;1,41884e-09;4,12462e-07;0,00107064;0,187382;0
1,99526;0,231013;2,3025e-09;4,17808e-07;0,00131994;0,231013;0
1,99526;0,284804;4,20028e-09;4,23894e-07;0,00162729;0,284804;0
1,99526;0,351119;7,9701e-09;4,30829e-07;0,00200621;0,351119;0
1,99526;0,432876;1,34667e-08;4,38225e-07;0,00247336;0,432876;0
1,99526;0,53367;2,2355e-08;4,46221e-07;0,0030493;0,53367;0
1,99526;0,657933;3,40587e-08;4,55278e-07;0,00375935;0,657933;0
1,99526;0,811131;4,95313e-08;4,64352e-07;0,00463475;0,811131;0
1,99526;1;7,18768e-08;4,742e-07;0,00571401;1;0
1,99526;1,23285;1,07954e-07;4,84026e-07;0,00704461;1,23285;0
1,99526;1,51991;1,54371e-07;4,95382e-07;0,0086851;1,51991;0
1,99526;1,87382;2,22011e-07;5,1051e-07;0,0107077;1,87382;0
1,99526;2,31013;3,11287e-07;5,29107e-07;0,0132013;2,31013;0
1,99526;2,84804;4,56409e-07;5,56393e-07;0,0162758;2,84804;0
1,99526;3,51119;6,53718e-07;6,03345e-07;0,0200665;3,51119;0
1,99526;4,32876;9,30927e-07;6,83099e-07;0,0247403;4,32876;0
1,99526;5,3367;1,29095e-06;8,08264e-07;0,0305032;5,3367;0
1,99526;6,57933;1,88723e-06;9,88934e-07;0,037609;6,57933;0
1,99526;8,11131;2,77763e-06;1,24061e-06;0,0463711;8,11131;0
1,99526;10;3,87052e-06;1,58631e-06;0,0571761;10;0
1,99526;12,3285;5,68507e-06;2,05822e-06;0,0705009;12,3285;0
1,99526;15,1991;8,55204e-06;2,7167e-06;0,0869343;15,1991;0
1,99526;18,7382;1,23551e-05;3,61822e-06;0,107203;18,7382;0
1,99526;23,1013;1,8654e-05;4,88014e-06;0,132206;23,1013;0
1,99526;28,4804;2,86268e-05;6,65435e-06;0,163052;28,4804;0
1,99526;35,1119;4,22974e-05;9,12824e-06;0,201113;35,1119;0
1,99526;43,2876;6,39284e-05;1,2579e-05;0,248086;43,2876;0
1,99526;53,367;9,56763e-05;1,74396e-05;0,306075;53,367;0
1,99526;65,7933;0,000141633;2,41452e-05;0,377685;65,7933;0
1,99526;81,1131;0,000218085;3,3938e-05;0,466155;81,1131;0
1,99526;100;0,000314603;4,74881e-05;0,575514;100;0
2,51189;0,1;3,69397e-09;5,39891e-07;0,000571365;0,1;0
2,51189;0,123285;4,55712e-09;5,43986e-07;0,000704407;0,123285;0
2,51189;0,151991;6,18194e-09;5,48694e-07;0,000868427;0,151991;0
2,51189;0,187382;8,38986e-09;5,5397e-07;0,00107064;0,187382;0
2,51189;0,231013;1,19132e-08;5,59692e-07;0,00131994;0,231013;0
2,51189;0,284804;1,61005e-08;5,66008e-07;0,00162729;0,284804;0
2,51189;0,351119;2,04812e-08;5,73471e-07;0,00200621;0,351119;0
2,51189;0,432876;2,79214e-08;5,81369e-07;0,00247336;0,432876;0
2,51189;0,53367;3,86919e-08;5,9055e-07;0,0030493;0,53367;0
2,51189;0,657933;5,49196e-08;6,00074e-07;0,00375935;0,657933;0
2,51189;0,811131;7,20688e-08;6,11424e-07;0,00463475;0,811131;0
2,51189;1;1,02738e-07;6,22155e-07;0,00571401;1;0
2,51189;1,23285;1,438e-07;6,33004e-07;0,00704461;1,23285;0
2,51189;1,51991;1,99741e-07;6,47071e-07;0,0086851;1,51991;0
2,51189;1,87382;2,79789e-07;6,62929e-07;0,0107077;1,87382;0
2,51189;2,31013;3,89715e-07;6,83688e-07;0,0132013;2,31013;0
2,51189;2,84804;5,36841e-07;7,15172e-07;0,0162758;2,84804;0
2,51189;3,51119;7,37867e-07;7,71566e-07;0,0200665;3,51119;0
2,51189;4,32876;1,06155e-06;8,69545e-07;0,0247403;4,32876;0
2,51189;5,3367;1,49631e-06;1,02321e-06;0,0305032;5,3367;0
2,51189;6,57933;2,04256e-06;1,24377e-06;0,037609;6,57933;0
2,51189;8,11131;2,91011e-06;1,54474e-06;0,0463711;8,11131;0
2,51189;10;4,16965e-06;1,95109e-06;0,0571761;10;0
2,51189;12,3285;6,15663e-06;2,5001e-06;0,0705009;12,3285;0
2,51189;15,1991;9,03747e-06;3,26181e-06;0,0869343;15,1991;0
2,51189;18,7382;1,30263e-05;4,29989e-06;0,107203;18,7382;0
2,51189;23,1013;1,94344e-05;5,72744e-06;0,132206;23,1013;0
2,51189;28,4804;2,92904e-05;7,73187e-06;0,163052;28,4804;0
2,51189;35,1119;4,39908e-05;1,04976e-05;0,201113;35,1119;0
2,51189;43,2876;6,15083e-05;1,43246e-05;0,248086;43,2876;0
2,51189;53,367;9,46133e-05;1,95993e-05;0,306075;53,367;0
2,51189;65,7933;0,000143771;2,70359e-05;0,377685;65,7933;0
2,51189;81,1131;0,000220801;3,76451e-05;0,466155;81,1131;0
2,51189;100;0,000320434;5,20899e-05;0,575514;100;0
3,16228;0,1;8,8142e-09;7,39042e-07;0,000571365;0,1;0
3,16228;0,123285;1,10318e-08;7,4322e-07;0,000704407;0,123285;0
3,16228;0,151991;1,37941e-08;7,48288e-07;0,000868427;0,151991;0
3,16228;0,187382;1,81005e-08;7,54175e-07;0,00107064;0,187382;0
3,16228;0,231013;2,27901e-08;7,59925e-07;0,00131994;0,231013;0
3,16228;0,284804;2,96911e-08;7,67078e-07;0,00162729;0,284804;0
3,16228;0,351119;3,81402e-08;7,74836e-07;0,00200621;0,351119;0
3,16228;0,432876;4,9175e-08;7,83727e-07;0,00247336;0,432876;0
3,16228;0,53367;6,43889e-08;7,93932e-07;0,0030493;0,53367;0
3,16228;0,657933;8,56808e-08;8,04303e-07;0,00375935;0,657933;0
3,16228;0,811131;1,13948e-07;8,15846e-07;0,00463475;0,811131;0
3,16228;1;1,50138e-07;8,27998e-07;0,00571401;1;0
3,16228;1,23285;2,01632e-07;8,41264e-07;0,00704461;1,23285;0
3,16228;1,51991;2,70147e-07;8,57872e-07;0,0086851;1,51991;0
3,16228;1,87382;3,62768e-07;8,73403e-07;0,0107077;1,87382;0
3,16228;2,31013;4,94483e-07;8,98601e-07;0,0132013;2,31013;0
3,16228;2,84804;6,69919e-07;9,35072e-07;0,0162758;2,84804;0
3,16228;3,51119;9,16792e-07;1,00486e-06;0,0200665;3,51119;0
3,16228;4,32876;1,26098e-06;1,13006e-06;0,0247403;4,32876;0
3,16228;5,3367;1,68526e-06;1,32682e-06;0,0305032;5,3367;0
3,16228;6,57933;2,37132e-06;1,6033e-06;0,037609;6,57933;0
3,16228;8,11131;3,26955e-06;1,97465e-06;0,0463711;8,11131;0
3,16228;10;4,76818e-06;2,4694e-06;0,0571761;10;0
3,16228;12,3285;6,7569e-06;3,12937e-06;0,0705009;12,3285;0
3,16228;15,1991;9,72153e-06;4,02758e-06;0,0869343;15,1991;0
3,16228;18,7382;1,39812e-05;5,24554e-06;0,107203;18,7382;0
3,16228;23,1013;2,01336e-05;6,91965e-06;0,132206;23,1013;0
3,16228;28,4804;3,07019e-05;9,20361e-06;0,163052;28,4804;0
3,16228;35,1119;4,47535e-05;1,23436e-05;0,201113;35,1119;0
3,16228;43,2876;6,78079e-05;1,66771e-05;0,248086;43,2876;0
3,16228;53,367;9,69523e-05;2,26203e-05;0,306075;53,367;0
3,16228;65,7933;0,000150738;3,09964e-05;0,377685;65,7933;0
3,16228;81,1131;0,000219723;4,24251e-05;0,466155;81,1131;0
3,16228;100;0,000331971;5,86977e-05;0,575514;100;0
3,98107;0,1;1,63628e-08;1,02204e-06;0,000571365;0,1;0
3,98107;0,123285;2,06527e-08;1,02602e-06;0,000704407;0,123285;0
3,98107;0,151991;2,58898e-08;1,03121e-06;0,000868427;0,151991;0
3,98107;0,187382;3,1897e-08;1,03737e-06;0,00107064;0,187382;0
3,98107;0,231013;4,021e-08;1,04373e-06;0,00131994;0,231013;0
3,98107;0,284804;5,02386e-08;1,05056e-06;0,00162729;0,284804;0
3,98107;0,351119;6,39595e-08;1,05904e-06;0,00200621;0,351119;0
3,98107;0,432876;8,02037e-08;1,06893e-06;0,00247336;0,432876;0
3,98107;0,53367;1,02315e-07;1,07938e-06;0,0030493;0,53367;0
3,98107;0,657933;1,33915e-07;1,09069e-06;0,00375935;0,657933;0
3,98107;0,811131;1,70308e-07;1,10499e-06;0,00463475;0,811131;0
3,98107;1;2,23005e-07;1,12059e-06;0,00571401;1;0
3,98107;1,23285;2,9088e-07;1,13227e-06;0,00704461;1,23285;0
3,98107;1,51991;3,74462e-07;1,15397e-06;0,0086851;1,51991;0
3,98107;1,87382;4,9167e-07;1,16922e-06;0,0107077;1,87382;0
3,98107;2,31013;6,39143e-07;1,19702e-06;0,0132013;2,31013;0
3,98107;2,84804;8,62587e-07;1,23972e-06;0,0162758;2,84804;0
3,98107;3,51119;1,1479e-06;1,32936e-06;0,0200665;3,51119;0
3,98107;4,32876;1,53084e-06;1,498e-06;0,0247403;4,32876;0
3,98107;5,3367;2,05668e-06;1,75813e-06;0,0305032;5,3367;0
3,98107;6,57933;2,8564e-06;2,11421e-06;0,037609;6,57933;0
3,98107;8,11131;3,91691e-06;2,58367e-06;0,0463711;8,11131;0
3,98107;10;5,37288e-06;3,20171e-06;0,0571761;10;0
3,98107;12,3285;7,5007e-06;4,01666e-06;0,0705009;12,3285;0
3,98107;15,1991;1,06675e-05;5,1075e-06;0,0869343;15,1991;0
3,98107;18,7382;1,5302e-05;6,57568e-06;0,107203;18,7382;0
3,98107;23,1013;2,1813e-05;8,56526e-06;0,132206;23,1013;0
3,98107;28,4804;3,27634e-05;1,12534e-05;0,163052;28,4804;0
3,98107;35,1119;4,6582e-05;1,48743e-05;0,201113;35,1119;0
3,98107;43,2876;7,06019e-05;1,99052e-05;0,248086;43,2876;0
3,98107;53,367;0,000100973;2,66542e-05;0,306075;53,367;0
3,98107;65,7933;0,00015255;3,61638e-05;0,377685;65,7933;0
3,98107;81,1131;0,00022378;4,89999e-05;0,466155;81,1131;0
3,98107;100;0,000333937;6,69508e-05;0,575514;100;0
5,01187;0,1;2,63536e-08;1,42093e-06;0,000571365;0,1;0
5,01187;0,123285;3,27274e-08;1,42566e-06;0,000704407;0,123285;0
5,01187;0,151991;4,07766e-08;1,43021e-06;0,000868427;0,151991;0
5,01187;0,187382;5,06789e-08;1,43656e-06;0,00107064;0,187382;0
5,01187;0,231013;6,34977e-08;1,44296e-06;0,00131994;0,231013;0
5,01187;0,284804;7,93619e-08;1,45109e-06;0,00162729;0,284804;0
5,01187;0,351119;9,87791e-08;1,45968e-06;0,00200621;0,351119;0
5,01187;0,432876;1,25196e-07;1,47091e-06;0,00247336;0,432876;0
5,01187;0,53367;1,57298e-07;1,48133e-06;0,0030493;0,53367;0
5,01187;0,657933;1,98117e-07;1,49348e-06;0,00375935;0,657933;0
5,01187;0,811131;2,49688e-07;1,50732e-06;0,00463475;0,811131;0
5,01187;1;3,15055e-07;1,52384e-06;0,00571401;1;0
5,01187;1,23285;4,06843e-07;1,54319e-06;0,00704461;1,23285;0
5,01187;1,51991;5,2068e-07;1,55851e-06;0,0086851;1,51991;0
5,01187;1,87382;6,74026e-07;1,57936e-06;0,0107077;1,87382;0
5,01187;2,31013;8,6476e-07;1,60966e-06;0,0132013;2,31013;0
5,01187;2,84804;1,13383e-06;1,66516e-06;0,0162758;2,84804;0
5,01187;3,51119;1,50287e-06;1,78195e-06;0,0200665;3,51119;0
5,01187;4,32876;1,96407e-06;2,01343e-06;0,0247403;4,32876;0
5,01187;5,3367;2,60238e-06;2,36286e-06;0,0305032;5,3367;0
5,01187;6,57933;3,45205e-06;2,82918e-06;0,037609;6,57933;0
5,01187;8,11131;4,77186e-06;3,43111e-06;0,0463711;8,11131;0
5,01187;10;6,42889e-06;4,21603e-06;0,0571761;10;0
5,01187;12,3285;8,88864e-06;5,23987e-06;0,0705009;12,3285;0
5,01187;15,1991;1,23724e-05;6,59902e-06;0,0869343;15,1991;0
5,01187;18,7382;1,69489e-05;8,4028e-06;0,107203;18,7382;0
5,01187;23,1013;2,40643e-05;1,08088e-05;0,132206;23,1013;0
5,01187;28,4804;3,58228e-05;1,40329e-05;0,163052;28,4804;0
5,01187;35,1119;5,17492e-05;1,83791e-05;0,201113;35,1119;0
5,01187;43,2876;7,5502e-05;2,42406e-05;0,248086;43,2876;0
5,01187;53,367;0,000105807;3,222e-05;0,306075;53,367;0
5,01187;65,7933;0,000154079;4,30879e-05;0,377685;65,7933;0
5,01187;81,1131;0,000237674;5,79586e-05;0,466155;81,1131;0
5,01187;100;0,000343993;7,82315e-05;0,575514;100;0
6,30957;0,1;3,96133e-08;1,97707e-06;0,000571365;0,1;0
6,30957;0,123285;4,89763e-08;1,98964e-06;0,000704407;0,123285;0
6,30957;0,151991;6,05641e-08;1,99193e-06;0,000868427;0,151991;0
6,30957;0,187382;7,51323e-08;1,99813e-06;0,00107064;0,187382;0
6,30957;0,231013;9,33534e-08;2,00435e-06;0,00131994;0,231013;0
6,30957;0,284804;1,16319e-07;2,01173e-06;0,00162729;0,284804;0
6,30957;0,351119;1,44466e-07;2,02152e-06;0,00200621;0,351119;0
6,30957;0,432876;1,79777e-07;2,03303e-06;0,00247336;0,432876;0
6,30957;0,53367;2,25279e-07;2,04544e-06;0,0030493;0,53367;0
6,30957;0,657933;2,82847e-07;2,05864e-06;0,00375935;0,657933;0
6,30957;0,811131;3,55487e-07;2,07326e-06;0,00463475;0,811131;0
6,30957;1;4,45495e-07;2,08976e-06;0,00571401;1;0
6,30957;1,23285;5,66733e-07;2,11258e-06;0,00704461;1,23285;0
6,30957;1,51991;7,15647e-07;2,13621e-06;0,0086851;1,51991;0
6,30957;1,87382;9,16668e-07;2,16429e-06;0,0107077;1,87382;0
6,30957;2,31013;1,16427e-06;2,18254e-06;0,0132013;2,31013;0
6,30957;2,84804;1,50761e-06;2,25139e-06;0,0162758;2,84804;0
6,30957;3,51119;1,94255e-06;2,40781e-06;0,0200665;3,51119;0
6,30957;4,32876;2,54771e-06;2,72646e-06;0,0247403;4,32876;0
6,30957;5,3367;3,30148e-06;3,19193e-06;0,0305032;5,3367;0
6,30957;6,57933;4,35792e-06;3,79268e-06;0,037609;6,57933;0
6,30957;8,11131;5,75479e-06;4,57318e-06;0,0463711;8,11131;0
6,30957;10;7,7368e-06;5,57688e-06;0,0571761;10;0
6,30957;12,3285;1,04481e-05;6,88196e-06;0,0705009;12,3285;0
6,30957;15,1991;1,44234e-05;8,58555e-06;0,0869343;15,1991;0
6,30957;18,7382;1,99717e-05;1,08278e-05;0,107203;18,7382;0
6,30957;23,1013;2,82059e-05;1,37971e-05;0,132206;23,1013;0
6,30957;28,4804;4,00218e-05;1,77318e-05;0,163052;28,4804;0
6,30957;35,1119;5,46767e-05;2,29613e-05;0,201113;35,1119;0
6,30957;43,2876;7,8328e-05;2,9963e-05;0,248086;43,2876;0
6,30957;53,367;0,00011451;3,93176e-05;0,306075;53,367;0
6,30957;65,7933;0,000163374;5,21307e-05;0,377685;65,7933;0
6,30957;81,1131;0,000240641;6,93722e-05;0,466155;81,1131;0
6,30957;100;0,000361405;9,26235e-05;0,575514;100;0
7,94328;0,1;5,59706e-08;2,74565e-06;0,000571365;0,1;0
7,94328;0,123285;6,94425e-08;2,77198e-06;0,000704407;0,123285;0
7,94328;0,151991;8,59573e-08;2,78286e-06;0,000868427;0,151991;0
7,94328;0,187382;1,05725e-07;2,78552e-06;0,00107064;0,187382;0
7,94328;0,231013;1,31759e-07;2,79223e-06;0,00131994;0,231013;0
7,94328;0,284804;1,63607e-07;2,79916e-06;0,00162729;0,284804;0
7,94328;0,351119;2,02023e-07;2,80879e-06;0,00200621;0,351119;0
7,94328;0,432876;2,50974e-07;2,81944e-06;0,00247336;0,432876;0
7,94328;0,53367;3,14503e-07;2,83383e-06;0,0030493;0,53367;0
7,94328;0,657933;3,90115e-07;2,85057e-06;0,00375935;0,657933;0
7,94328;0,811131;4,86489e-07;2,86277e-06;0,00463475;0,811131;0
7,94328;1;6,09486e-07;2,88146e-06;0,00571401;1;0
7,94328;1,23285;7,68247e-07;2,90316e-06;0,00704461;1,23285;0
7,94328;1,51991;9,70916e-07;2,92261e-06;0,0086851;1,51991;0
7,94328;1,87382;1,21495e-06;2,96518e-06;0,0107077;1,87382;0
7,94328;2,31013;1,54162e-06;2,98346e-06;0,0132013;2,31013;0
7,94328;2,84804;1,9729e-06;3,0574e-06;0,0162758;2,84804;0
7,94328;3,51119;2,53054e-06;3,26717e-06;0,0200665;3,51119;0
7,94328;4,32876;3,24274e-06;3,68984e-06;0,0247403;4,32876;0
7,94328;5,3367;4,16827e-06;4,28646e-06;0,0305032;5,3367;0
7,94328;6,57933;5,4123e-06;5,0617e-06;0,037609;6,57933;0
7,94328;8,11131;7,13953e-06;6,05961e-06;0,0463711;8,11131;0
7,94328;10;9,4291e-06;7,34032e-06;0,0571761;10;0
7,94328;12,3285;1,27406e-05;8,99103e-06;0,0705009;12,3285;0
7,94328;15,1991;1,70783e-05;1,11405e-05;0,0869343;15,1991;0
7,94328;18,7382;2,33661e-05;1,39404e-05;0,107203;18,7382;0
7,94328;23,1013;3,23317e-05;1,76218e-05;0,132206;23,1013;0
7,94328;28,4804;4,36565e-05;2,24365e-05;0,163052;28,4804;0
7,94328;35,1119;6,15615e-05;2,87903e-05;0,201113;35,1119;0
7,94328;43,2876;8,67634e-05;3,72417e-05;0,248086;43,2876;0
7,94328;53,367;0,000129048;4,84584e-05;0,306075;53,367;0
7,94328;65,7933;0,00018061;6,35432e-05;0,377685;65,7933;0
7,94328;81,1131;0,000267171;8,35841e-05;0,466155;81,1131;0
7,94328;100;0,000385307;0,000110838;0,575514;100;0
10;0,1;7,52649e-08;3,79724e-06;0,000571365;0,1;0
10;0,123285;9,34683e-08;3,8531e-06;0,000704407;0,123285;0
10;0,151991;1,14947e-07;3,88485e-06;0,000868427;0,151991;0
10;0,187382;1,42703e-07;3,88949e-06;0,00107064;0,187382;0
10;0,231013;1,76079e-07;3,89448e-06;0,00131994;0,231013;0
10;0,284804;2,17921e-07;3,90298e-06;0,00162729;0,284804;0
10;0,351119;2,70673e-07;3,90944e-06;0,00200621;0,351119;0
10;0,432876;3,36322e-07;3,91951e-06;0,00247336;0,432876;0
10;0,53367;4,17266e-07;3,93514e-06;0,0030493;0,53367;0
10;0,657933;5,18362e-07;3,95148e-06;0,00375935;0,657933;0
10;0,811131;6,471e-07;3,96681e-06;0,00463475;0,811131;0
10;1;8,05927e-07;3,98407e-06;0,00571401;1;0
10;1,23285;1,00746e-06;4,00473e-06;0,00704461;1,23285;0
10;1,51991;1,26129e-06;4,03153e-06;0,0086851;1,51991;0
10;1,87382;1,57989e-06;4,0786e-06;0,0107077;1,87382;0
10;2,31013;2,00676e-06;4,09866e-06;0,0132013;2,31013;0
10;2,84804;2,52194e-06;4,19491e-06;0,0162758;2,84804;0
10;3,51119;3,22024e-06;4,42323e-06;0,0200665;3,51119;0
10;4,32876;4,10681e-06;4,95829e-06;0,0247403;4,32876;0
10;5,3367;5,24078e-06;5,70747e-06;0,0305032;5,3367;0
10;6,57933;6,81072e-06;6,67963e-06;0,037609;6,57933;0
10;8,11131;8,82206e-06;7,93537e-06;0,0463711;8,11131;0
10;10;1,16369e-05;9,53753e-06;0,0571761;10;0
10;12,3285;1,52832e-05;1,16056e-05;0,0705009;12,3285;0
10;15,1991;2,04581e-05;1,42763e-05;0,0869343;15,1991;0
10;18,7382;2,7547e-05;1,77379e-05;0,107203;18,7382;0
10;23,1013;3,7932e-05;2,22507e-05;0,132206;23,1013;0
10;28,4804;5,10581e-05;2,81301e-05;0,163052;28,4804;0
10;35,1119;7,19987e-05;3,58395e-05;0,201113;35,1119;0
10;43,2876;9,91273e-05;4,59512e-05;0,248086;43,2876;0
10;53,367;0,000140854;5,93553e-05;0,306075;53,367;0
10;65,7933;0,00019975;7,71998e-05;0,377685;65,7933;0
10;81,1131;0,000281359;0,000101155;0,466155;81,1131;0
10;100;0,000420142;0,000132823;0,575514;100;0
12,5893;0,1;9,74716e-08;5,24097e-06;0,000571365;0,1;0
12,5893;0,123285;1,20384e-07;5,36272e-06;0,000704407;0,123285;0
12,5893;0,151991;1,4803e-07;5,42253e-06;0,000868427;0,151991;0
12,5893;0,187382;1,83927e-07;5,44544e-06;0,00107064;0,187382;0
12,5893;0,231013;2,27198e-07;5,44547e-06;0,00131994;0,231013;0
12,5893;0,284804;2,80983e-07;5,45218e-06;0,00162729;0,284804;0
12,5893;0,351119;3,46851e-07;5,4608e-06;0,00200621;0,351119;0
12,5893;0,432876;4,32359e-07;5,47073e-06;0,00247336;0,432876;0
12,5893;0,53367;5,34055e-07;5,48073e-06;0,0030493;0,53367;0
12,5893;0,657933;6,6283e-07;5,49824e-06;0,00375935;0,657933;0
12,5893;0,811131;8,23155e-07;5,51843e-06;0,00463475;0,811131;0
12,5893;1;1,02798e-06;5,53799e-06;0,00571401;1;0
12,5893;1,23285;1,27528e-06;5,56022e-06;0,00704461;1,23285;0
12,5893;1,51991;1,5996e-06;5,57637e-06;0,0086851;1,51991;0
12,5893;1,87382;1,99934e-06;5,61553e-06;0,0107077;1,87382;0
12,5893;2,31013;2,51704e-06;5,67161e-06;0,0132013;2,31013;0
12,5893;2,84804;3,16354e-06;5,76975e-06;0,0162758;2,84804;0
12,5893;3,51119;4,01159e-06;6,03224e-06;0,0200665;3,51119;0
12,5893;4,32876;5,10983e-06;6,64769e-06;0,0247403;4,32876;0
12,5893;5,3367;6,48241e-06;7,54682e-06;0,0305032;5,3367;0
12,5893;6,57933;8,30994e-06;8,72426e-06;0,037609;6,57933;0
12,5893;8,11131;1,07872e-05;1,02633e-05;0,0463711;8,11131;0
12,5893;10;1,40294e-05;1,22207e-05;0,0571761;10;0
12,5893;12,3285;1,82605e-05;1,4738e-05;0,0705009;12,3285;0
12,5893;15,1991;2,43306e-05;1,80025e-05;0,0869343;15,1991;0
12,5893;18,7382;3,23347e-05;2,22047e-05;0,107203;18,7382;0
12,5893;23,1013;4,37019e-05;2,76686e-05;0,132206;23,1013;0
12,5893;28,4804;5,95536e-05;3,4756e-05;0,163052;28,4804;0
12,5893;35,1119;7,98751e-05;4,39635e-05;0,201113;35,1119;0
12,5893;43,2876;0,00011074;5,60526e-05;0,248086;43,2876;0
12,5893;53,367;0,000155703;7,18723e-05;0,306075;53,367;0
12,5893;65,7933;0,000219595;9,30032e-05;0,377685;65,7933;0
12,5893;81,1131;0,000316425;0,000120753;0,466155;81,1131;0
12,5893;100;0,000453536;0,000157982;0,575514;100;0
15,8489;0,1;1,20513e-07;7,10603e-06;0,000571365;0,1;0
15,8489;0,123285;1,48769e-07;7,43682e-06;0,000704407;0,123285;0
15,8489;0,151991;1,83657e-07;7,58754e-06;0,000868427;0,151991;0
15,8489;0,187382;2,26935e-07;7,64149e-06;0,00107064;0,187382;0
15,8489;0,231013;2,8042e-07;7,65366e-06;0,00131994;0,231013;0
15,8489;0,284804;3,47129e-07;7,66262e-06;0,00162729;0,284804;0
15,8489;0,351119;4,29269e-07;7,66896e-06;0,00200621;0,351119;0
15,8489;0,432876;5,31441e-07;7,68195e-06;0,00247336;0,432876;0
15,8489;0,53367;6,58227e-07;7,68645e-06;0,0030493;0,53367;0
15,8489;0,657933;8,16126e-07;7,70027e-06;0,00375935;0,657933;0
15,8489;0,811131;1,01421e-06;7,72185e-06;0,00463475;0,811131;0
15,8489;1;1,26007e-06;7,74115e-06;0,00571401;1;0
15,8489;1,23285;1,5676e-06;7,75899e-06;0,00704461;1,23285;0
15,8489;1,51991;1,95721e-06;7,78181e-06;0,0086851;1,51991;0
15,8489;1,87382;2,44911e-06;7,81044e-06;0,0107077;1,87382;0
15,8489;2,31013;3,0699e-06;7,84623e-06;0,0132013;2,31013;0
15,8489;2,84804;3,85874e-06;7,99185e-06;0,0162758;2,84804;0
15,8489;3,51119;4,83978e-06;8,27038e-06;0,0200665;3,51119;0
15,8489;4,32876;6,14031e-06;8,9395e-06;0,0247403;4,32876;0
15,8489;5,3367;7,81822e-06;9,95022e-06;0,0305032;5,3367;0
15,8489;6,57933;9,93535e-06;1,13384e-05;0,037609;6,57933;0
15,8489;8,11131;1,2794e-05;1,31402e-05;0,0463711;8,11131;0
15,8489;10;1,64273e-05;1,5478e-05;0,0571761;10;0
15,8489;12,3285;2,16068e-05;1,84552e-05;0,0705009;12,3285;0
15,8489;15,1991;2,83913e-05;2,23249e-05;0,0869343;15,1991;0
15,8489;18,7382;3,75197e-05;2,73148e-05;0,107203;18,7382;0
15,8489;23,1013;5,03044e-05;3,37407e-05;0,132206;23,1013;0
15,8489;28,4804;6,79011e-05;4,20568e-05;0,163052;28,4804;0
15,8489;35,1119;9,1906e-05;5,28928e-05;0,201113;35,1119;0
15,8489;43,2876;0,000124614;6,70466e-05;0,248086;43,2876;0
15,8489;53,367;0,000172579;8,55694e-05;0,306075;53,367;0
15,8489;65,7933;0,000240354;0,000110037;0,377685;65,7933;0
15,8489;81,1131;0,000343596;0,000142242;0,466155;81,1131;0
15,8489;100;0,000494159;0,000185196;0,575514;100;0
19,9526;0,1;1,42463e-07;9,44289e-06;0,000571365;0,1;0
19,9526;0,123285;1,75922e-07;1,02575e-05;0,000704407;0,123285;0
19,9526;0,151991;2,17176e-07;1,06548e-05;0,000868427;0,151991;0
19,9526;0,187382;2,68213e-07;1,08052e-05;0,00107064;0,187382;0
19,9526;0,231013;3,31328e-07;1,08654e-05;0,00131994;0,231013;0
19,9526;0,284804;4,09684e-07;1,08703e-05;0,00162729;0,284804;0
19,9526;0,351119;5,06621e-07;1,08889e-05;0,00200621;0,351119;0
19,9526;0,432876;6,26451e-07;1,08887e-05;0,00247336;0,432876;0
19,9526;0,53367;7,76224e-07;1,09028e-05;0,0030493;0,53367;0
19,9526;0,657933;9,61868e-07;1,09098e-05;0,00375935;0,657933;0
19,9526;0,811131;1,19151e-06;1,09288e-05;0,00463475;0,811131;0
19,9526;1;1,48405e-06;1,09555e-05;0,00571401;1;0
19,9526;1,23285;1,84612e-06;1,09802e-05;0,00704461;1,23285;0
19,9526;1,51991;2,29269e-06;1,09885e-05;0,0086851;1,51991;0
19,9526;1,87382;2,86605e-06;1,10088e-05;0,0107077;1,87382;0
19,9526;2,31013;3,5884e-06;1,10641e-05;0,0132013;2,31013;0
19,9526;2,84804;4,49318e-06;1,11259e-05;0,0162758;2,84804;0
19,9526;3,51119;5,65218e-06;1,14169e-05;0,0200665;3,51119;0
19,9526;4,32876;7,133e-06;1,21205e-05;0,0247403;4,32876;0
19,9526;5,3367;9,06424e-06;1,32301e-05;0,0305032;5,3367;0
19,9526;6,57933;1,15132e-05;1,47548e-05;0,037609;6,57933;0
19,9526;8,11131;1,47664e-05;1,68243e-05;0,0463711;8,11131;0
19,9526;10;1,90227e-05;1,94704e-05;0,0571761;10;0
19,9526;12,3285;2,46705e-05;2,2868e-05;0,0705009;12,3285;0
19,9526;15,1991;3,24222e-05;2,73202e-05;0,0869343;15,1991;0
19,9526;18,7382;4,20953e-05;3,30062e-05;0,107203;18,7382;0
19,9526;23,1013;5,68872e-05;4,03877e-05;0,132206;23,1013;0
19,9526;28,4804;7,47749e-05;4,99606e-05;0,163052;28,4804;0
19,9526;35,1119;0,000101462;6,23989e-05;0,201113;35,1119;0
19,9526;43,2876;0,000138986;7,8583e-05;0,248086;43,2876;0
19,9526;53,367;0,000192895;9,96387e-05;0,306075;53,367;0
19,9526;65,7933;0,00027091;0,000127585;0,377685;65,7933;0
19,9526;81,1131;0,00037984;0,000164526;0,466155;81,1131;0
19,9526;100;0,000534763;0,000213287;0,575514;100;0
25,1189;0,1;1,61076e-07;1,21409e-05;0,000571365;0,1;0
25,1189;0,123285;1,98822e-07;1,39293e-05;0,000704407;0,123285;0
25,1189;0,151991;2,45454e-07;1,48955e-05;0,000868427;0,151991;0
25,1189;0,187382;3,02875e-07;1,54241e-05;0,00107064;0,187382;0
25,1189;0,231013;3,74331e-07;1,55924e-05;0,00131994;0,231013;0
25,1189;0,284804;4,62494e-07;1,56549e-05;0,00162729;0,284804;0
25,1189;0,351119;5,71665e-07;1,56698e-05;0,00200621;0,351119;0
25,1189;0,432876;7,07044e-07;1,56729e-05;0,00247336;0,432876;0
25,1189;0,53367;8,75019e-07;1,56951e-05;0,0030493;0,53367;0
25,1189;0,657933;1,08408e-06;1,56939e-05;0,00375935;0,657933;0
25,1189;0,811131;1,34463e-06;1,57044e-05;0,00463475;0,811131;0
25,1189;1;1,66835e-06;1,57211e-05;0,00571401;1;0
25,1189;1,23285;2,07186e-06;1,57437e-05;0,00704461;1,23285;0
25,1189;1,51991;2,58268e-06;1,57704e-05;0,0086851;1,51991;0
25,1189;1,87382;3,22517e-06;1,58165e-05;0,0107077;1,87382;0
25,1189;2,31013;4,02539e-06;1,58223e-05;0,0132013;2,31013;0
25,1189;2,84804;5,04642e-06;1,59033e-05;0,0162758;2,84804;0
25,1189;3,51119;6,35248e-06;1,61847e-05;0,0200665;3,51119;0
25,1189;4,32876;7,98781e-06;1,70085e-05;0,0247403;4,32876;0
25,1189;5,3367;1,01268e-05;1,79696e-05;0,0305032;5,3367;0
25,1189;6,57933;1,28496e-05;1,9558e-05;0,037609;6,57933;0
25,1189;8,11131;1,63932e-05;2,17202e-05;0,0463711;8,11131;0
25,1189;10;2,1179e-05;2,4602e-05;0,0571761;10;0
25,1189;12,3285;2,72551e-05;2,83747e-05;0,0705009;12,3285;0
25,1189;15,1991;3,54885e-05;3,32562e-05;0,0869343;15,1991;0
25,1189;18,7382;4,69277e-05;3,95648e-05;0,107203;18,7382;0
25,1189;23,1013;6,19767e-05;4,77698e-05;0,132206;23,1013;0
25,1189;28,4804;8,36955e-05;5,83177e-05;0,163052;28,4804;0
25,1189;35,1119;0,000110703;7,21285e-05;0,201113;35,1119;0
25,1189;43,2876;0,000152158;9,0145e-05;0,248086;43,2876;0
25,1189;53,367;0,000208924;0,000113732;0,306075;53,367;0
25,1189;65,7933;0,000291397;0,000144982;0,377685;65,7933;0
25,1189;81,1131;0,000406221;0,000186332;0,466155;81,1131;0
25,1189;100;0,000572235;0,000241394;0,575514;100;0
31,6228;0,1;1,89464e-07;1,48618e-05;0,000571365;0,1;0
31,6228;0,123285;2,33855e-07;1,83943e-05;0,000704407;0,123285;0
31,6228;0,151991;2,89363e-07;1,96234e-05;0,000868427;0,151991;0
31,6228;0,187382;3,56807e-07;1,96433e-05;0,00107064;0,187382;0
31,6228;0,231013;4,41612e-07;1,9639e-05;0,00131994;0,231013;0
31,6228;0,284804;5,4516e-07;1,96583e-05;0,00162729;0,284804;0
31,6228;0,351119;6,74882e-07;1,96824e-05;0,00200621;0,351119;0
31,6228;0,432876;8,34466e-07;1,96736e-05;0,00247336;0,432876;0
31,6228;0,53367;1,03236e-06;1,96774e-05;0,0030493;0,53367;0
31,6228;0,657933;1,2782e-06;1,96947e-05;0,00375935;0,657933;0
31,6228;0,811131;1,58378e-06;1,97039e-05;0,00463475;0,811131;0
31,6228;1;1,96301e-06;1,975e-05;0,00571401;1;0
31,6228;1,23285;2,4347e-06;1,97502e-05;0,00704461;1,23285;0
31,6228;1,51991;3,02642e-06;1,97606e-05;0,0086851;1,51991;0
31,6228;1,87382;3,76582e-06;1,9796e-05;0,0107077;1,87382;0
31,6228;2,31013;4,68933e-06;1,98164e-05;0,0132013;2,31013;0
31,6228;2,84804;5,85453e-06;1,99143e-05;0,0162758;2,84804;0
31,6228;3,51119;7,32645e-06;2,02874e-05;0,0200665;3,51119;0
31,6228;4,32876;9,22429e-06;2,08985e-05;0,0247403;4,32876;0
31,6228;5,3367;1,15873e-05;2,2038e-05;0,0305032;5,3367;0
31,6228;6,57933;1,46944e-05;2,36253e-05;0,037609;6,57933;0
31,6228;8,11131;1,86995e-05;2,57144e-05;0,0463711;8,11131;0
31,6228;10;2,39134e-05;2,86745e-05;0,0571761;10;0
31,6228;12,3285;3,08609e-05;3,25522e-05;0,0705009;12,3285;0
31,6228;15,1991;3,96008e-05;3,76137e-05;0,0869343;15,1991;0
31,6228;18,7382;5,18446e-05;4,43702e-05;0,107203;18,7382;0
31,6228;23,1013;6,85178e-05;5,29573e-05;0,132206;23,1013;0
31,6228;28,4804;9,03337e-05;6,44558e-05;0,163052;28,4804;0
31,6228;35,1119;0,000121077;7,95477e-05;0,201113;35,1119;0
31,6228;43,2876;0,000165334;9,93743e-05;0,248086;43,2876;0
31,6228;53,367;0,000227277;0,00012567;0,306075;53,367;0
31,6228;65,7933;0,000314454;0,000160595;0,377685;65,7933;0
31,6228;81,1131;0,000439856;0,000206947;0,466155;81,1131;0
31,6228;100;0,000617937;0,000268266;0,575514;100;0
39,8107;0,1;2,33549e-07;1,70494e-05;0,000571365;0,1;0
39,8107;0,123285;2,88335e-07;1,9793e-05;0,000704407;0,123285;0
39,8107;0,151991;3,55887e-07;1,9808e-05;0,000868427;0,151991;0
39,8107;0,187382;4,39258e-07;1,98114e-05;0,00107064;0,187382;0
39,8107;0,231013;5,41758e-07;1,98281e-05;0,00131994;0,231013;0
39,8107;0,284804;6,68792e-07;1,98313e-05;0,00162729;0,284804;0
39,8107;0,351119;8,24967e-07;1,98412e-05;0,00200621;0,351119;0
39,8107;0,432876;1,01748e-06;1,98546e-05;0,00247336;0,432876;0
39,8107;0,53367;1,25631e-06;1,98627e-05;0,0030493;0,53367;0
39,8107;0,657933;1,55009e-06;1,98808e-05;0,00375935;0,657933;0
39,8107;0,811131;1,91484e-06;1,99006e-05;0,00463475;0,811131;0
39,8107;1;2,3662e-06;1,99293e-05;0,00571401;1;0
39,8107;1,23285;2,92555e-06;1,99476e-05;0,00704461;1,23285;0
39,8107;1,51991;3,61824e-06;1,99685e-05;0,0086851;1,51991;0
39,8107;1,87382;4,48088e-06;2,00044e-05;0,0107077;1,87382;0
39,8107;2,31013;5,54599e-06;2,00602e-05;0,0132013;2,31013;0
39,8107;2,84804;6,89409e-06;2,01535e-05;0,0162758;2,84804;0
39,8107;3,51119;8,58393e-06;2,04612e-05;0,0200665;3,51119;0
39,8107;4,32876;1,07e-05;2,12136e-05;0,0247403;4,32876;0
39,8107;5,3367;1,34291e-05;2,23145e-05;0,0305032;5,3367;0
39,8107;6,57933;1,68383e-05;2,39485e-05;0,037609;6,57933;0
39,8107;8,11131;2,12375e-05;2,60346e-05;0,0463711;8,11131;0
39,8107;10;2,70533e-05;2,89453e-05;0,0571761;10;0
39,8107;12,3285;3,47074e-05;3,28125e-05;0,0705009;12,3285;0
39,8107;15,1991;4,46695e-05;3,79817e-05;0,0869343;15,1991;0
39,8107;18,7382;5,7783e-05;4,4784e-05;0,107203;18,7382;0
39,8107;23,1013;7,60464e-05;5,40594e-05;0,132206;23,1013;0
39,8107;28,4804;0,000100124;6,63759e-05;0,163052;28,4804;0
39,8107;35,1119;0,000132293;8,30508e-05;0,201113;35,1119;0
39,8107;43,2876;0,000179839;0,00010497;0,248086;43,2876;0
39,8107;53,367;0,000243078;0,000134169;0,306075;53,367;0
39,8107;65,7933;0,000337345;0,000172557;0,377685;65,7933;0
39,8107;81,1131;0,000461696;0,000223818;0,466155;81,1131;0
39,8107;100;0,000662892;0,000292333;0,575514;100;0
50,1187;0,1;2,65889e-07;1,82624e-05;0,000571365;0,1;0
50,1187;0,123285;3,27796e-07;1,99659e-05;0,000704407;0,123285;0
50,1187;0,151991;4,04552e-07;1,99765e-05;0,000868427;0,151991;0
50,1187;0,187382;4,98566e-07;1,99816e-05;0,00107064;0,187382;0
50,1187;0,231013;6,14982e-07;2,00013e-05;0,00131994;0,231013;0
50,1187;0,284804;7,58197e-07;2,00089e-05;0,00162729;0,284804;0
50,1187;0,351119;9,34789e-07;1,99971e-05;0,00200621;0,351119;0
50,1187;0,432876;1,15185e-06;2,00045e-05;0,00247336;0,432876;0
50,1187;0,53367;1,42041e-06;2,00303e-05;0,0030493;0,53367;0
50,1187;0,657933;1,75068e-06;2,00399e-05;0,00375935;0,657933;0
50,1187;0,811131;2,15972e-06;2,00685e-05;0,00463475;0,811131;0
50,1187;1;2,66123e-06;2,00903e-05;0,00571401;1;0
50,1187;1,23285;3,28372e-06;2,01247e-05;0,00704461;1,23285;0
50,1187;1,51991;4,05497e-06;2,01406e-05;0,0086851;1,51991;0
50,1187;1,87382;5,00716e-06;2,01783e-05;0,0107077;1,87382;0
50,1187;2,31013;6,19194e-06;2,0231e-05;0,0132013;2,31013;0
50,1187;2,84804;7,66163e-06;2,0365e-05;0,0162758;2,84804;0
50,1187;3,51119;9,53034e-06;2,06963e-05;0,0200665;3,51119;0
50,1187;4,32876;1,18537e-05;2,14127e-05;0,0247403;4,32876;0
50,1187;5,3367;1,48099e-05;2,25062e-05;0,0305032;5,3367;0
50,1187;6,57933;1,8544e-05;2,40765e-05;0,037609;6,57933;0
50,1187;8,11131;2,33453e-05;2,62712e-05;0,0463711;8,11131;0
50,1187;10;2,95036e-05;2,92172e-05;0,0571761;10;0
50,1187;12,3285;3,78568e-05;3,30689e-05;0,0705009;12,3285;0
50,1187;15,1991;4,82735e-05;3,82453e-05;0,0869343;15,1991;0
50,1187;18,7382;6,30605e-05;4,52871e-05;0,107203;18,7382;0
50,1187;23,1013;8,22109e-05;5,49681e-05;0,132206;23,1013;0
50,1187;28,4804;0,000107427;6,82408e-05;0,163052;28,4804;0
50,1187;35,1119;0,000142196;8,60631e-05;0,201113;35,1119;0
50,1187;43,2876;0,000191934;0,000109511;0,248086;43,2876;0
50,1187;53,367;0,000261517;0,000140679;0,306075;53,367;0
50,1187;65,7933;0,00036095;0,000182427;0,377685;65,7933;0
50,1187;81,1131;0,00048917;0,00023829;0,466155;81,1131;0
50,1187;100;0,000691533;0,000313039;0,575514;100;0
63,0957;0,1;2,84164e-07;1,75066e-05;0,000571365;0,1;0
63,0957;0,123285;3,50312e-07;2,01534e-05;0,000704407;0,123285;0
63,0957;0,151991;4,32521e-07;2,01622e-05;0,000868427;0,151991;0
63,0957;0,187382;5,32576e-07;2,0249e-05;0,00107064;0,187382;0
63,0957;0,231013;6,57212e-07;2,01786e-05;0,00131994;0,231013;0
63,0957;0,284804;8,10097e-07;2,01914e-05;0,00162729;0,284804;0
63,0957;0,351119;9,9835e-07;2,01955e-05;0,00200621;0,351119;0
63,0957;0,432876;1,23101e-06;2,02057e-05;0,00247336;0,432876;0
63,0957;0,53367;1,51615e-06;2,03403e-05;0,0030493;0,53367;0
63,0957;0,657933;1,86935e-06;2,02429e-05;0,00375935;0,657933;0
63,0957;0,811131;2,30408e-06;2,02656e-05;0,00463475;0,811131;0
63,0957;1;2,84011e-06;2,02919e-05;0,00571401;1;0
63,0957;1,23285;3,50383e-06;2,03243e-05;0,00704461;1,23285;0
63,0957;1,51991;4,32199e-06;2,03497e-05;0,0086851;1,51991;0
63,0957;1,87382;5,33958e-06;2,03907e-05;0,0107077;1,87382;0
63,0957;2,31013;6,59777e-06;2,04567e-05;0,0132013;2,31013;0
63,0957;2,84804;8,16868e-06;2,05425e-05;0,0162758;2,84804;0
63,0957;3,51119;1,01399e-05;2,09271e-05;0,0200665;3,51119;0
63,0957;4,32876;1,25921e-05;2,16999e-05;0,0247403;4,32876;0
63,0957;5,3367;1,57413e-05;2,2844e-05;0,0305032;5,3367;0
63,0957;6,57933;1,9689e-05;2,44805e-05;0,037609;6,57933;0
63,0957;8,11131;2,47991e-05;2,66501e-05;0,0463711;8,11131;0
63,0957;10;3,14178e-05;3,0601e-05;0,0571761;10;0
63,0957;12,3285;4,00601e-05;3,33544e-05;0,0705009;12,3285;0
63,0957;15,1991;5,11759e-05;3,89029e-05;0,0869343;15,1991;0
63,0957;18,7382;6,66649e-05;4,60496e-05;0,107203;18,7382;0
63,0957;23,1013;8,60999e-05;5,60321e-05;0,132206;23,1013;0
63,0957;28,4804;0,000113998;6,99829e-05;0,163052;28,4804;0
63,0957;35,1119;0,000151442;8,89695e-05;0,201113;35,1119;0
63,0957;43,2876;0,000203175;0,000114124;0,248086;43,2876;0
63,0957;53,367;0,000275068;0,000147857;0,306075;53,367;0
63,0957;65,7933;0,000380928;0,000193302;0,377685;65,7933;0
63,0957;81,1131;0,000516702;0,000254721;0,466155;81,1131;0
63,0957;100;0,000728486;0,000337665;0,575514;100;0
79,4328;0,1;2,95833e-07;1,78318e-05;0,000571365;0,1;0
79,4328;0,123285;3,6515e-07;2,04459e-05;0,000704407;0,123285;0
79,4328;0,151991;4,49997e-07;2,04628e-05;0,000868427;0,151991;0
79,4328;0,187382;5,55614e-07;2,04634e-05;0,00107064;0,187382;0
79,4328;0,231013;6,8522e-07;2,04717e-05;0,00131994;0,231013;0
79,4328;0,284804;8,45152e-07;2,04833e-05;0,00162729;0,284804;0
79,4328;0,351119;1,04225e-06;2,04872e-05;0,00200621;0,351119;0
79,4328;0,432876;1,28568e-06;2,04979e-05;0,00247336;0,432876;0
79,4328;0,53367;1,58444e-06;2,05935e-05;0,0030493;0,53367;0
79,4328;0,657933;1,95403e-06;2,0535e-05;0,00375935;0,657933;0
79,4328;0,811131;2,41187e-06;2,05558e-05;0,00463475;0,811131;0
79,4328;1;2,973e-06;2,05915e-05;0,00571401;1;0
79,4328;1,23285;3,66817e-06;2,06165e-05;0,00704461;1,23285;0
79,4328;1,51991;4,52938e-06;2,06398e-05;0,0086851;1,51991;0
79,4328;1,87382;5,59611e-06;2,06804e-05;0,0107077;1,87382;0
79,4328;2,31013;6,92884e-06;2,07284e-05;0,0132013;2,31013;0
79,4328;2,84804;8,57796e-06;2,08429e-05;0,0162758;2,84804;0
79,4328;3,51119;1,065e-05;2,12099e-05;0,0200665;3,51119;0
79,4328;4,32876;1,32274e-05;2,19933e-05;0,0247403;4,32876;0
79,4328;5,3367;1,6497e-05;2,31785e-05;0,0305032;5,3367;0
79,4328;6,57933;2,06799e-05;2,48335e-05;0,037609;6,57933;0
79,4328;8,11131;2,60663e-05;2,71062e-05;0,0463711;8,11131;0
79,4328;10;3,29688e-05;2,98343e-05;0,0571761;10;0
79,4328;12,3285;4,20701e-05;3,37745e-05;0,0705009;12,3285;0
79,4328;15,1991;5,42165e-05;3,93406e-05;0,0869343;15,1991;0
79,4328;18,7382;7,02715e-05;4,7544e-05;0,107203;18,7382;0
79,4328;23,1013;9,06926e-05;5,75946e-05;0,132206;23,1013;0
79,4328;28,4804;0,000119149;7,26831e-05;0,163052;28,4804;0
79,4328;35,1119;0,000158488;9,32631e-05;0,201113;35,1119;0
79,4328;43,2876;0,0002157;0,000120771;0,248086;43,2876;0
79,4328;53,367;0,000291223;0,000157981;0,306075;53,367;0
79,4328;65,7933;0,000399927;0,000208447;0,377685;65,7933;0
79,4328;81,1131;0,000546815;0,000277043;0,466155;81,1131;0
79,4328;100;0,000766946;0,000370099;0,575514;100;0
100;0,1;3,11747e-07;1,7552e-05;0,000571365;0,1;0
100;0,123285;3,84215e-07;2,08793e-05;0,000704407;0,123285;0
100;0,151991;4,74167e-07;2,08879e-05;0,000868427;0,151991;0
100;0,187382;5,8532e-07;2,10644e-05;0,00107064;0,187382;0
100;0,231013;7,21873e-07;2,09066e-05;0,00131994;0,231013;0
100;0,284804;8,90895e-07;2,09151e-05;0,00162729;0,284804;0
100;0,351119;1,09868e-06;2,09294e-05;0,00200621;0,351119;0
100;0,432876;1,35621e-06;2,09435e-05;0,00247336;0,432876;0
100;0,53367;1,67308e-06;2,09684e-05;0,0030493;0,53367;0
100;0,657933;2,06599e-06;2,0975e-05;0,00375935;0,657933;0
100;0,811131;2,54908e-06;2,09975e-05;0,00463475;0,811131;0
100;1;3,14443e-06;2,11213e-05;0,00571401;1;0
100;1,23285;3,88236e-06;2,10566e-05;0,00704461;1,23285;0
100;1,51991;4,79723e-06;2,10805e-05;0,0086851;1,51991;0
100;1,87382;5,93225e-06;2,11163e-05;0,0107077;1,87382;0
100;2,31013;7,344e-06;2,11726e-05;0,0132013;2,31013;0
100;2,84804;9,10201e-06;2,16025e-05;0,0162758;2,84804;0
100;3,51119;1,12845e-05;2,18134e-05;0,0200665;3,51119;0
100;4,32876;1,40482e-05;2,24483e-05;0,0247403;4,32876;0
100;5,3367;1,75448e-05;2,36478e-05;0,0305032;5,3367;0
100;6,57933;2,19878e-05;2,52768e-05;0,037609;6,57933;0
100;8,11131;2,75934e-05;2,7568e-05;0,0463711;8,11131;0
100;10;3,50314e-05;3,03358e-05;0,0571761;10;0
100;12,3285;4,46864e-05;3,42948e-05;0,0705009;12,3285;0
100;15,1991;5,74263e-05;4,00783e-05;0,0869343;15,1991;0
100;18,7382;7,44833e-05;4,81628e-05;0,107203;18,7382;0
100;23,1013;9,69328e-05;5,98476e-05;0,132206;23,1013;0
100;28,4804;0,000127092;7,63176e-05;0,163052;28,4804;0
100;35,1119;0,000169187;9,92937e-05;0,201113;35,1119;0
100;43,2876;0,000227254;0,000130197;0,248086;43,2876;0
100;53,367;0,000309998;0,000171835;0,306075;53,367;0
100;65,7933;0,000417528;0,000228748;0,377685;65,7933;0
100;81,1131;0,000578856;0,000307015;0,466155;81,1131;0
100;100;0,000814233;0,000413076;0,575514;100;0
125,893;0,1;3,33969e-07;1,75758e-05;0,000571365;0,1;0
125,893;0,123285;4,1224e-07;2,15326e-05;0,000704407;0,123285;0
125,893;0,151991;5,07693e-07;2,15377e-05;0,000868427;0,151991;0
125,893;0,187382;6,27697e-07;2,15515e-05;0,00107064;0,187382;0
125,893;0,231013;7,72884e-07;2,15571e-05;0,00131994;0,231013;0
125,893;0,284804;9,55288e-07;2,15696e-05;0,00162729;0,284804;0
125,893;0,351119;1,18034e-06;2,15816e-05;0,00200621;0,351119;0
125,893;0,432876;1,45617e-06;2,15878e-05;0,00247336;0,432876;0
125,893;0,53367;1,79904e-06;2,17027e-05;0,0030493;0,53367;0
125,893;0,657933;2,2195e-06;2,1631e-05;0,00375935;0,657933;0
125,893;0,811131;2,73744e-06;2,16538e-05;0,00463475;0,811131;0
125,893;1;3,3881e-06;2,16858e-05;0,00571401;1;0
125,893;1,23285;4,18562e-06;2,17162e-05;0,00704461;1,23285;0
125,893;1,51991;5,17026e-06;2,17411e-05;0,0086851;1,51991;0
125,893;1,87382;6,39934e-06;2,17725e-05;0,0107077;1,87382;0
125,893;2,31013;7,92043e-06;2,18486e-05;0,0132013;2,31013;0
125,893;2,84804;9,80944e-06;2,21109e-05;0,0162758;2,84804;0
125,893;3,51119;1,21677e-05;2,22901e-05;0,0200665;3,51119;0
125,893;4,32876;1,51727e-05;2,3105e-05;0,0247403;4,32876;0
125,893;5,3367;1,89642e-05;2,43027e-05;0,0305032;5,3367;0
125,893;6,57933;2,37386e-05;2,59885e-05;0,037609;6,57933;0
125,893;8,11131;2,98927e-05;2,82242e-05;0,0463711;8,11131;0
125,893;10;3,78926e-05;3,10529e-05;0,0571761;10;0
125,893;12,3285;4,83099e-05;3,53782e-05;0,0705009;12,3285;0
125,893;15,1991;6,20657e-05;4,11669e-05;0,0869343;15,1991;0
125,893;18,7382;8,0264e-05;5,00817e-05;0,107203;18,7382;0
125,893;23,1013;0,000104521;6,32764e-05;0,132206;23,1013;0
125,893;28,4804;0,000137977;8,23176e-05;0,163052;28,4804;0
125,893;35,1119;0,00018292;0,000107918;0,201113;35,1119;0
125,893;43,2876;0,000246609;0,000143341;0,248086;43,2876;0
125,893;53,367;0,000332801;0,000191324;0,306075;53,367;0
125,893;65,7933;0,000451371;0,000256595;0,377685;65,7933;0
125,893;81,1131;0,000625349;0,000347044;0,466155;81,1131;0
125,893;100;0,000887762;0,000470768;0,575514;100;0
158,489;0,1;3,66162e-07;1,74943e-05;0,000571365;0,1;0
158,489;0,123285;4,51506e-07;2,25187e-05;0,000704407;0,123285;0
158,489;0,151991;5,57619e-07;2,25239e-05;0,000868427;0,151991;0
158,489;0,187382;6,88701e-07;2,25376e-05;0,00107064;0,187382;0
158,489;0,231013;8,5035e-07;2,25415e-05;0,00131994;0,231013;0
158,489;0,284804;1,05033e-06;2,25525e-05;0,00162729;0,284804;0
158,489;0,351119;1,29636e-06;2,25591e-05;0,00200621;0,351119;0
158,489;0,432876;1,59963e-06;2,257e-05;0,00247336;0,432876;0
158,489;0,53367;1,97739e-06;2,26242e-05;0,0030493;0,53367;0
158,489;0,657933;2,44257e-06;2,26109e-05;0,00375935;0,657933;0
158,489;0,811131;3,02095e-06;2,26378e-05;0,00463475;0,811131;0
158,489;1;3,72935e-06;2,26718e-05;0,00571401;1;0
158,489;1,23285;4,61137e-06;2,27014e-05;0,00704461;1,23285;0
158,489;1,51991;5,70737e-06;2,27292e-05;0,0086851;1,51991;0
158,489;1,87382;7,07136e-06;2,2757e-05;0,0107077;1,87382;0
158,489;2,31013;8,75939e-06;2,28125e-05;0,0132013;2,31013;0
158,489;2,84804;1,08674e-05;2,31358e-05;0,0162758;2,84804;0
158,489;3,51119;1,34604e-05;2,32812e-05;0,0200665;3,51119;0
158,489;4,32876;1,68048e-05;2,4089e-05;0,0247403;4,32876;0
158,489;5,3367;2,09596e-05;2,5269e-05;0,0305032;5,3367;0
158,489;6,57933;2,62708e-05;2,69156e-05;0,037609;6,57933;0
158,489;8,11131;3,30317e-05;2,97744e-05;0,0463711;8,11131;0
158,489;10;4,18707e-05;3,29906e-05;0,0571761;10;0
158,489;12,3285;5,33031e-05;3,62928e-05;0,0705009;12,3285;0
158,489;15,1991;6,86669e-05;4,30009e-05;0,0869343;15,1991;0
158,489;18,7382;8,87968e-05;5,32943e-05;0,107203;18,7382;0
158,489;23,1013;0,000115946;6,90791e-05;0,132206;23,1013;0
158,489;28,4804;0,00015279;9,13423e-05;0,163052;28,4804;0
158,489;35,1119;0,000201907;0,000121274;0,201113;35,1119;0
158,489;43,2876;0,00027043;0,000162609;0,248086;43,2876;0
158,489;53,367;0,000367388;0,000218723;0,306075;53,367;0
158,489;65,7933;0,000504478;0,000295734;0,377685;65,7933;0
158,489;81,1131;0,000687716;0,00040198;0,466155;81,1131;0
158,489;100;0,000964501;0,000548348;0,575514;100;0
199,526;0,1;4,13605e-07;1,75684e-05;0,000571365;0,1;0
199,526;0,123285;5,11362e-07;2,3978e-05;0,000704407;0,123285;0
199,526;0,151991;6,31181e-07;2,39863e-05;0,000868427;0,151991;0
199,526;0,187382;7,78433e-07;2,41824e-05;0,00107064;0,187382;0
199,526;0,231013;9,63471e-07;2,39988e-05;0,00131994;0,231013;0
199,526;0,284804;1,18924e-06;2,40084e-05;0,00162729;0,284804;0
199,526;0,351119;1,46594e-06;2,40131e-05;0,00200621;0,351119;0
199,526;0,432876;1,81404e-06;2,40316e-05;0,00247336;0,432876;0
199,526;0,53367;2,24472e-06;2,40638e-05;0,0030493;0,53367;0
199,526;0,657933;2,77553e-06;2,40629e-05;0,00375935;0,657933;0
199,526;0,811131;3,42781e-06;2,40873e-05;0,00463475;0,811131;0
199,526;1;4,24464e-06;2,42152e-05;0,00571401;1;0
199,526;1,23285;5,24826e-06;2,41602e-05;0,00704461;1,23285;0
199,526;1,51991;6,49951e-06;2,41991e-05;0,0086851;1,51991;0
199,526;1,87382;8,05191e-06;2,42407e-05;0,0107077;1,87382;0
199,526;2,31013;9,9393e-06;2,42946e-05;0,0132013;2,31013;0
199,526;2,84804;1,23868e-05;2,44039e-05;0,0162758;2,84804;0
199,526;3,51119;1,53476e-05;2,47651e-05;0,0200665;3,51119;0
199,526;4,32876;1,90921e-05;2,55557e-05;0,0247403;4,32876;0
199,526;5,3367;2,38922e-05;2,67556e-05;0,0305032;5,3367;0
199,526;6,57933;2,99714e-05;2,84041e-05;0,037609;6,57933;0
199,526;8,11131;3,77616e-05;3,0848e-05;0,0463711;8,11131;0
199,526;10;4,77351e-05;3,39029e-05;0,0571761;10;0
199,526;12,3285;6,05061e-05;3,83368e-05;0,0705009;12,3285;0
199,526;15,1991;7,81841e-05;4,61649e-05;0,0869343;15,1991;0
199,526;18,7382;0,000100716;5,883e-05;0,107203;18,7382;0
199,526;23,1013;0,000130972;7,85009e-05;0,132206;23,1013;0
199,526;28,4804;0,000172093;0,000105128;0,163052;28,4804;0
199,526;35,1119;0,000228821;0,00014151;0,201113;35,1119;0
199,526;43,2876;0,000305777;0,000190596;0,248086;43,2876;0
199,526;53,367;0,000415416;0,000258095;0,306075;53,367;0
199,526;65,7933;0,000563792;0,000351344;0,377685;65,7933;0
199,526;81,1131;0,00077312;0,000478597;0,466155;81,1131;0
199,526;100;0,00107862;0,00065511;0,575514;100;0
251,189;0,1;4,86379e-07;1,75102e-05;0,000571365;0,1;0
251,189;0,123285;6,00076e-07;2,62074e-05;0,000704407;0,123285;0
251,189;0,151991;7,40575e-07;2,62086e-05;0,000868427;0,151991;0
251,189;0,187382;9,14307e-07;2,6398e-05;0,00107064;0,187382;0
251,189;0,231013;1,13055e-06;2,62118e-05;0,00131994;0,231013;0
251,189;0,284804;1,3971e-06;2,62127e-05;0,00162729;0,284804;0
251,189;0,351119;1,72449e-06;2,62362e-05;0,00200621;0,351119;0
251,189;0,432876;2,12984e-06;2,62419e-05;0,00247336;0,432876;0
251,189;0,53367;2,63341e-06;2,65159e-05;0,0030493;0,53367;0
251,189;0,657933;3,25798e-06;2,62899e-05;0,00375935;0,657933;0
251,189;0,811131;4,03299e-06;2,63216e-05;0,00463475;0,811131;0
251,189;1;4,99316e-06;2,63533e-05;0,00571401;1;0
251,189;1,23285;6,18008e-06;2,63855e-05;0,00704461;1,23285;0
251,189;1,51991;7,66559e-06;2,64073e-05;0,0086851;1,51991;0
251,189;1,87382;9,49663e-06;2,64698e-05;0,0107077;1,87382;0
251,189;2,31013;1,17923e-05;2,65397e-05;0,0132013;2,31013;0
251,189;2,84804;1,46306e-05;2,69463e-05;0,0162758;2,84804;0
251,189;3,51119;1,82196e-05;2,70202e-05;0,0200665;3,51119;0
251,189;4,32876;2,26986e-05;2,78257e-05;0,0247403;4,32876;0
251,189;5,3367;2,82866e-05;2,89973e-05;0,0305032;5,3367;0
251,189;6,57933;3,53794e-05;3,06406e-05;0,037609;6,57933;0
251,189;8,11131;4,45255e-05;3,28902e-05;0,0463711;8,11131;0
251,189;10;5,63552e-05;3,65554e-05;0,0571761;10;0
251,189;12,3285;7,18349e-05;4,17149e-05;0,0705009;12,3285;0
251,189;15,1991;9,21811e-05;5,17312e-05;0,0869343;15,1991;0
251,189;18,7382;0,000118749;6,86963e-05;0,107203;18,7382;0
251,189;23,1013;0,000154091;9,37837e-05;0,132206;23,1013;0
251,189;28,4804;0,000201287;0,00012809;0,163052;28,4804;0
251,189;35,1119;0,000267122;0,000172575;0,201113;35,1119;0
251,189;43,2876;0,00035589;0,00023378;0,248086;43,2876;0
251,189;53,367;0,000481562;0,000317172;0,306075;53,367;0
251,189;65,7933;0,000656379;0,000431134;0,377685;65,7933;0
251,189;81,1131;0,00089204;0,000587277;0,466155;81,1131;0
251,189;100;0,00124038;0,0008027;0,575514;100;0
316,228;0,1;5,95991e-07;1,77752e-05;0,000571365;0,1;0
316,228;0,123285;7,35737e-07;2,96291e-05;0,000704407;0,123285;0
316,228;0,151991;9,08374e-07;2,96393e-05;0,000868427;0,151991;0
316,228;0,187382;1,1209e-06;2,98147e-05;0,00107064;0,187382;0
316,228;0,231013;1,38525e-06;2,96296e-05;0,00131994;0,231013;0
316,228;0,284804;1,70975e-06;2,96239e-05;0,00162729;0,284804;0
316,228;0,351119;2,11324e-06;2,96203e-05;0,00200621;0,351119;0
316,228;0,432876;2,61718e-06;2,965e-05;0,00247336;0,432876;0
316,228;0,53367;3,22933e-06;2,98611e-05;0,0030493;0,53367;0
316,228;0,657933;3,99362e-06;2,9694e-05;0,00375935;0,657933;0
316,228;0,811131;4,95819e-06;2,97289e-05;0,00463475;0,811131;0
316,228;1;6,14069e-06;2,97365e-05;0,00571401;1;0
316,228;1,23285;7,60839e-06;2,98052e-05;0,00704461;1,23285;0
316,228;1,51991;9,42385e-06;3,01565e-05;0,0086851;1,51991;0
316,228;1,87382;1,1688e-05;2,98894e-05;0,0107077;1,87382;0
316,228;2,31013;1,45182e-05;2,99458e-05;0,0132013;2,31013;0
316,228;2,84804;1,80483e-05;3,00815e-05;0,0162758;2,84804;0
316,228;3,51119;2,24416e-05;3,09913e-05;0,0200665;3,51119;0
316,228;4,32876;2,79598e-05;3,12616e-05;0,0247403;4,32876;0
316,228;5,3367;3,48941e-05;3,2421e-05;0,0305032;5,3367;0
316,228;6,57933;4,36128e-05;3,42178e-05;0,037609;6,57933;0
316,228;8,11131;5,49379e-05;3,65139e-05;0,0463711;8,11131;0
316,228;10;6,9491e-05;4,02749e-05;0,0571761;10;0
316,228;12,3285;8,84206e-05;4,78511e-05;0,0705009;12,3285;0
316,228;15,1991;0,000113106;6,24292e-05;0,0869343;15,1991;0
316,228;18,7382;0,000145286;8,64214e-05;0,107203;18,7382;0
316,228;23,1013;0,000189244;0,00012046;0,132206;23,1013;0
316,228;28,4804;0,000247055;0,000163572;0,163052;28,4804;0
316,228;35,1119;0,000324665;0,000221668;0,201113;35,1119;0
316,228;43,2876;0,000430652;0,000298299;0,248086;43,2876;0
316,228;53,367;0,000579044;0,000402819;0,306075;53,367;0
316,228;65,7933;0,000782903;0,000544893;0,377685;65,7933;0
316,228;81,1131;0,00106284;0,000739657;0,466155;81,1131;0
316,228;100;0,00147201;0,00100694;0,575514;100;0
398,107;0,1;7,69063e-07;1,78862e-05;0,000571365;0,1;0
398,107;0,123285;9,49367e-07;3,49626e-05;0,000704407;0,123285;0
398,107;0,151991;1,16995e-06;3,49799e-05;0,000868427;0,151991;0
398,107;0,187382;1,44687e-06;3,49643e-05;0,00107064;0,187382;0
398,107;0,231013;1,78767e-06;3,49405e-05;0,00131994;0,231013;0
398,107;0,284804;2,20831e-06;3,49439e-05;0,00162729;0,284804;0
398,107;0,351119;2,72468e-06;3,49348e-05;0,00200621;0,351119;0
398,107;0,432876;3,37523e-06;3,4936e-05;0,00247336;0,432876;0
398,107;0,53367;4,17877e-06;3,49581e-05;0,0030493;0,53367;0
398,107;0,657933;5,17246e-06;3,50014e-05;0,00375935;0,657933;0
398,107;0,811131;6,40163e-06;3,50143e-05;0,00463475;0,811131;0
398,107;1;7,92421e-06;3,50586e-05;0,00571401;1;0
398,107;1,23285;9,83732e-06;3,50995e-05;0,00704461;1,23285;0
398,107;1,51991;1,2219e-05;3,51771e-05;0,0086851;1,51991;0
398,107;1,87382;1,51679e-05;3,51919e-05;0,0107077;1,87382;0
398,107;2,31013;1,88411e-05;3,52586e-05;0,0132013;2,31013;0
398,107;2,84804;2,33831e-05;3,54255e-05;0,0162758;2,84804;0
398,107;3,51119;2,9133e-05;3,58214e-05;0,0200665;3,51119;0
398,107;4,32876;3,63397e-05;3,66118e-05;0,0247403;4,32876;0
398,107;5,3367;4,52657e-05;3,77714e-05;0,0305032;5,3367;0
398,107;6,57933;5,67508e-05;3,95465e-05;0,037609;6,57933;0
398,107;8,11131;7,1329e-05;4,21146e-05;0,0463711;8,11131;0
398,107;10;8,99097e-05;4,74484e-05;0,0571761;10;0
398,107;12,3285;0,000113746;5,98358e-05;0,0705009;12,3285;0
398,107;15,1991;0,000144804;8,30961e-05;0,0869343;15,1991;0
398,107;18,7382;0,0001864;0,000117356;0,107203;18,7382;0
398,107;23,1013;0,000240137;0,00016218;0,132206;23,1013;0
398,107;28,4804;0,000312149;0,000219397;0,163052;28,4804;0
398,107;35,1119;0,000409414;0,000295288;0,201113;35,1119;0
398,107;43,2876;0,000543428;0,0003953;0,248086;43,2876;0
398,107;53,367;0,000715781;0,0005294;0,306075;53,367;0
398,107;65,7933;0,000963694;0,000710888;0,377685;65,7933;0
398,107;81,1131;0,00131269;0,000959472;0,466155;81,1131;0
398,107;100;0,00180218;0,00129778;0,575514;100;0
500;0,1;1,04889e-06;1,75255e-05;0,000571365;0,1;0
500;0,123285;1,29497e-06;4,32613e-05;0,000704407;0,123285;0
500;0,151991;1,59633e-06;4,32874e-05;0,000868427;0,151991;0
500;0,187382;1,97214e-06;4,32718e-05;0,00107064;0,187382;0
500;0,231013;2,43599e-06;4,32557e-05;0,00131994;0,231013;0
500;0,284804;3,01111e-06;4,32345e-05;0,00162729;0,284804;0
500;0,351119;3,71716e-06;4,32283e-05;0,00200621;0,351119;0
500;0,432876;4,60249e-06;4,32306e-05;0,00247336;0,432876;0
500;0,53367;5,69384e-06;4,32254e-05;0,0030493;0,53367;0
500;0,657933;7,05275e-06;4,32291e-05;0,00375935;0,657933;0
500;0,811131;8,74301e-06;4,32848e-05;0,00463475;0,811131;0
500;1;1,07875e-05;4,33523e-05;0,00571401;1;0
500;1,23285;1,34345e-05;4,33805e-05;0,00704461;1,23285;0
500;1,51991;1,66696e-05;4,33702e-05;0,0086851;1,51991;0
500;1,87382;2,06762e-05;4,34711e-05;0,0107077;1,87382;0
500;2,31013;2,56933e-05;4,35647e-05;0,0132013;2,31013;0
500;2,84804;3,19655e-05;4,40934e-05;0,0162758;2,84804;0
500;3,51119;3,98556e-05;4,41445e-05;0,0200665;3,51119;0
500;4,32876;4,94721e-05;4,49145e-05;0,0247403;4,32876;0
500;5,3367;6,19723e-05;4,61089e-05;0,0305032;5,3367;0
500;6,57933;7,74193e-05;4,79528e-05;0,037609;6,57933;0
500;8,11131;9,6974e-05;5,15655e-05;0,0463711;8,11131;0
500;10;0,000122239;6,15928e-05;0,0571761;10;0
500;12,3285;0,000154416;8,45855e-05;0,0705009;12,3285;0
500;15,1991;0,000196405;0,000121575;0,0869343;15,1991;0
500;18,7382;0,000250868;0,000170796;0,107203;18,7382;0
500;23,1013;0,000321137;0,000233951;0,132206;23,1013;0
500;28,4804;0,000416052;0,000310428;0,163052;28,4804;0
500;35,1119;0,00054289;0,000411178;0,201113;35,1119;0
500;43,2876;0,000713904;0,00054391;0,248086;43,2876;0
500;53,367;0,000944546;0,00072149;0,306075;53,367;0
500;65,7933;0,00125066;0,000959273;0,377685;65,7933;0
500;81,1131;0,00168457;0,00127895;0,466155;81,1131;0
500;100;0,00228535;0,00171452;0,575514;100;0
