vds;ids;eon;eoff;vdsreal;idsreal;rdson
-500;-0,1;4,2762e-11;1,74599e-11;0,00157024;0,1;0,0157024
-500;-0,123285;6,62524e-11;3,76501e-11;0,00200556;0,123285;0,0162677
-500;-0,151991;1,02977e-10;3,90319e-11;0,00254231;0,151991;0,0167267
-500;-0,187382;1,58002e-10;6,31277e-11;0,00320413;0,187382;0,0170995
-500;-0,231013;2,45529e-10;1,31124e-10;0,00402027;0,231013;0,0174028
-500;-0,284804;3,72349e-10;1,38863e-10;0,00502683;0,284804;0,0176502
-500;-0,351119;5,76959e-10;2,20876e-10;0,00626849;0,351119;0,0178529
-500;-0,432876;8,84806e-10;3,49484e-10;0,00780067;0,432876;0,0180206
-500;-0,53367;1,34065e-09;7,14291e-10;0,00969225;0,53367;0,0181615
-500;-0,657933;2,03369e-09;1,29749e-09;0,0120292;0,657933;0,0182834
-500;-0,811131;3,13307e-09;1,97108e-09;0,0149198;0,811131;0,0183938
-500;-1;4,77635e-09;3,20537e-09;0,018501;1;0,018501
-500;-1,23285;7,18414e-09;4,45689e-09;0,0229496;1,23285;0,0186151
-500;-1,51991;1,10339e-08;4,75709e-09;0,0284969;1,51991;0,0187491
-500;-1,87382;1,6886e-08;8,21075e-09;0,0354553;1,87382;0,0189214
-500;-2,31013;2,52164e-08;2,0746e-08;0,0442608;2,31013;0,0191595
-500;-2,84804;3,9042e-08;4,04018e-08;0,0555504;2,84804;0,0195048
-500;-3,51119;5,9767e-08;3,82332e-08;0,0703055;3,51119;0,0200233
-500;-4,32876;9,02596e-08;1,62637e-07;0,0901336;4,32876;0,020822
-500;-5,3367;1,36013e-07;3,20132e-07;0,117847;5,3367;0,0220824
-500;-6,57933;2,07756e-07;4,614e-07;0,15873;6,57933;0,0241255
-500;-8,11131;3,13362e-07;4,21169e-07;0,22349;8,11131;0,0275529
-500;-10;4,7673e-07;3,83983e-07;0,335701;10;0,0335701
-500;-12,3285;7,39048e-07;1,05241e-06;0,521861;12,3285;0,0423297
-500;-15,1991;1,10006e-06;1,21782e-06;0,629113;15,1991;0,0413914
-500;-18,7382;1,68893e-06;9,50243e-07;0,682688;18,7382;0,036433
-500;-23,1013;2,54943e-06;2,23068e-06;0,722773;23,1013;0,0312871
-500;-28,4804;3,79429e-06;1,84114e-06;0,758939;28,4804;0,0266478
-500;-35,1119;5,50362e-06;4,12088e-06;0,794733;35,1119;0,0226343
-500;-43,2876;7,85132e-06;4,34317e-06;0,835221;43,2876;0,0192947
-500;-53,367;1,12474e-05;7,06422e-06;0,883003;53,367;0,0165459
-500;-65,7933;1,59459e-05;1,06745e-05;0,939687;65,7933;0,0142824
-500;-81,1131;2,29728e-05;1,43578e-05;1,00701;81,1131;0,0124149
-500;-100;3,33356e-05;2,05192e-05;1,08689;100;0,0108689
-398,107;-0,1;4,2762e-11;1,74599e-11;0,00157024;0,1;0,0157024
-398,107;-0,123285;6,62524e-11;3,76501e-11;0,00200556;0,123285;0,0162677
-398,107;-0,151991;1,02977e-10;3,90319e-11;0,00254231;0,151991;0,0167267
-398,107;-0,187382;1,58002e-10;6,31277e-11;0,00320413;0,187382;0,0170995
-398,107;-0,231013;2,45529e-10;1,31124e-10;0,00402027;0,231013;0,0174028
-398,107;-0,284804;3,72349e-10;1,38863e-10;0,00502683;0,284804;0,0176502
-398,107;-0,351119;5,76959e-10;2,20876e-10;0,00626849;0,351119;0,0178529
-398,107;-0,432876;8,84806e-10;3,49484e-10;0,00780067;0,432876;0,0180206
-398,107;-0,53367;1,34065e-09;7,14291e-10;0,00969225;0,53367;0,0181615
-398,107;-0,657933;2,03369e-09;1,29749e-09;0,0120292;0,657933;0,0182834
-398,107;-0,811131;3,13307e-09;1,97108e-09;0,0149198;0,811131;0,0183938
-398,107;-1;4,77635e-09;3,20537e-09;0,018501;1;0,018501
-398,107;-1,23285;7,18414e-09;4,45689e-09;0,0229496;1,23285;0,0186151
-398,107;-1,51991;1,10339e-08;4,75709e-09;0,0284969;1,51991;0,0187491
-398,107;-1,87382;1,6886e-08;8,21075e-09;0,0354553;1,87382;0,0189214
-398,107;-2,31013;2,52164e-08;2,0746e-08;0,0442608;2,31013;0,0191595
-398,107;-2,84804;3,9042e-08;4,04018e-08;0,0555504;2,84804;0,0195048
-398,107;-3,51119;5,9767e-08;3,82332e-08;0,0703055;3,51119;0,0200233
-398,107;-4,32876;9,02596e-08;1,62637e-07;0,0901336;4,32876;0,020822
-398,107;-5,3367;1,36013e-07;3,20132e-07;0,117847;5,3367;0,0220824
-398,107;-6,57933;2,07756e-07;4,614e-07;0,15873;6,57933;0,0241255
-398,107;-8,11131;3,13362e-07;4,21169e-07;0,22349;8,11131;0,0275529
-398,107;-10;4,7673e-07;3,83983e-07;0,335701;10;0,0335701
-398,107;-12,3285;7,39048e-07;1,05241e-06;0,521861;12,3285;0,0423297
-398,107;-15,1991;1,10006e-06;1,21782e-06;0,629113;15,1991;0,0413914
-398,107;-18,7382;1,68893e-06;9,50243e-07;0,682688;18,7382;0,036433
-398,107;-23,1013;2,54943e-06;2,23068e-06;0,722773;23,1013;0,0312871
-398,107;-28,4804;3,79429e-06;1,84114e-06;0,758939;28,4804;0,0266478
-398,107;-35,1119;5,50362e-06;4,12088e-06;0,794733;35,1119;0,0226343
-398,107;-43,2876;7,85132e-06;4,34317e-06;0,835221;43,2876;0,0192947
-398,107;-53,367;1,12474e-05;7,06426e-06;0,883003;53,367;0,0165459
-398,107;-65,7933;1,59459e-05;1,06744e-05;0,939687;65,7933;0,0142824
-398,107;-81,1131;2,29728e-05;1,43578e-05;1,00701;81,1131;0,0124149
-398,107;-100;3,33356e-05;2,05192e-05;1,08689;100;0,0108689
-316,228;-0,1;4,2762e-11;1,74599e-11;0,00157024;0,1;0,0157024
-316,228;-0,123285;6,62524e-11;3,76501e-11;0,00200556;0,123285;0,0162677
-316,228;-0,151991;1,02977e-10;3,90319e-11;0,00254231;0,151991;0,0167267
-316,228;-0,187382;1,58002e-10;6,31277e-11;0,00320413;0,187382;0,0170995
-316,228;-0,231013;2,45529e-10;1,31124e-10;0,00402027;0,231013;0,0174028
-316,228;-0,284804;3,72349e-10;1,38863e-10;0,00502683;0,284804;0,0176502
-316,228;-0,351119;5,76959e-10;2,20876e-10;0,00626849;0,351119;0,0178529
-316,228;-0,432876;8,84806e-10;3,49484e-10;0,00780067;0,432876;0,0180206
-316,228;-0,53367;1,34065e-09;7,14291e-10;0,00969225;0,53367;0,0181615
-316,228;-0,657933;2,03369e-09;1,29749e-09;0,0120292;0,657933;0,0182834
-316,228;-0,811131;3,13307e-09;1,97108e-09;0,0149198;0,811131;0,0183938
-316,228;-1;4,77635e-09;3,20537e-09;0,018501;1;0,018501
-316,228;-1,23285;7,18414e-09;4,45689e-09;0,0229496;1,23285;0,0186151
-316,228;-1,51991;1,10339e-08;4,75709e-09;0,0284969;1,51991;0,0187491
-316,228;-1,87382;1,6886e-08;8,21075e-09;0,0354553;1,87382;0,0189214
-316,228;-2,31013;2,52164e-08;2,0746e-08;0,0442608;2,31013;0,0191595
-316,228;-2,84804;3,9042e-08;4,04018e-08;0,0555504;2,84804;0,0195048
-316,228;-3,51119;5,9767e-08;3,82332e-08;0,0703055;3,51119;0,0200233
-316,228;-4,32876;9,02596e-08;1,62637e-07;0,0901336;4,32876;0,020822
-316,228;-5,3367;1,36013e-07;3,20132e-07;0,117847;5,3367;0,0220824
-316,228;-6,57933;2,07756e-07;4,614e-07;0,15873;6,57933;0,0241255
-316,228;-8,11131;3,13362e-07;4,21169e-07;0,22349;8,11131;0,0275529
-316,228;-10;4,7673e-07;3,83983e-07;0,335701;10;0,0335701
-316,228;-12,3285;7,39048e-07;1,05241e-06;0,521861;12,3285;0,0423297
-316,228;-15,1991;1,10006e-06;1,21782e-06;0,629113;15,1991;0,0413914
-316,228;-18,7382;1,68893e-06;9,50243e-07;0,682688;18,7382;0,036433
-316,228;-23,1013;2,54943e-06;2,23068e-06;0,722773;23,1013;0,0312871
-316,228;-28,4804;3,79429e-06;1,84114e-06;0,758939;28,4804;0,0266478
-316,228;-35,1119;5,50362e-06;4,12088e-06;0,794733;35,1119;0,0226343
-316,228;-43,2876;7,85132e-06;4,34317e-06;0,835221;43,2876;0,0192947
-316,228;-53,367;1,12474e-05;7,06426e-06;0,883003;53,367;0,0165459
-316,228;-65,7933;1,59459e-05;1,06745e-05;0,939687;65,7933;0,0142824
-316,228;-81,1131;2,29728e-05;1,43578e-05;1,00701;81,1131;0,0124149
-316,228;-100;3,33356e-05;2,05192e-05;1,08689;100;0,0108689
-251,189;-0,1;4,2762e-11;1,74599e-11;0,00157024;0,1;0,0157024
-251,189;-0,123285;6,62524e-11;3,76501e-11;0,00200556;0,123285;0,0162677
-251,189;-0,151991;1,02977e-10;3,90319e-11;0,00254231;0,151991;0,0167267
-251,189;-0,187382;1,58002e-10;6,31277e-11;0,00320413;0,187382;0,0170995
-251,189;-0,231013;2,45529e-10;1,31124e-10;0,00402027;0,231013;0,0174028
-251,189;-0,284804;3,72349e-10;1,38863e-10;0,00502683;0,284804;0,0176502
-251,189;-0,351119;5,76959e-10;2,20876e-10;0,00626849;0,351119;0,0178529
-251,189;-0,432876;8,84806e-10;3,49484e-10;0,00780067;0,432876;0,0180206
-251,189;-0,53367;1,34065e-09;7,14291e-10;0,00969225;0,53367;0,0181615
-251,189;-0,657933;2,03369e-09;1,29749e-09;0,0120292;0,657933;0,0182834
-251,189;-0,811131;3,13307e-09;1,97108e-09;0,0149198;0,811131;0,0183938
-251,189;-1;4,77635e-09;3,20537e-09;0,018501;1;0,018501
-251,189;-1,23285;7,18414e-09;4,45689e-09;0,0229496;1,23285;0,0186151
-251,189;-1,51991;1,10339e-08;4,75709e-09;0,0284969;1,51991;0,0187491
-251,189;-1,87382;1,6886e-08;8,21075e-09;0,0354553;1,87382;0,0189214
-251,189;-2,31013;2,52164e-08;2,0746e-08;0,0442608;2,31013;0,0191595
-251,189;-2,84804;3,9042e-08;4,04018e-08;0,0555504;2,84804;0,0195048
-251,189;-3,51119;5,9767e-08;3,82332e-08;0,0703055;3,51119;0,0200233
-251,189;-4,32876;9,02596e-08;1,62637e-07;0,0901336;4,32876;0,020822
-251,189;-5,3367;1,36013e-07;3,20132e-07;0,117847;5,3367;0,0220824
-251,189;-6,57933;2,07756e-07;4,614e-07;0,15873;6,57933;0,0241255
-251,189;-8,11131;3,13362e-07;4,21169e-07;0,22349;8,11131;0,0275529
-251,189;-10;4,7673e-07;3,83983e-07;0,335701;10;0,0335701
-251,189;-12,3285;7,39048e-07;1,05241e-06;0,521861;12,3285;0,0423297
-251,189;-15,1991;1,10006e-06;1,21782e-06;0,629113;15,1991;0,0413914
-251,189;-18,7382;1,68893e-06;9,50243e-07;0,682688;18,7382;0,036433
-251,189;-23,1013;2,54943e-06;2,23068e-06;0,722773;23,1013;0,0312871
-251,189;-28,4804;3,79429e-06;1,84114e-06;0,758939;28,4804;0,0266478
-251,189;-35,1119;5,50362e-06;4,12088e-06;0,794733;35,1119;0,0226343
-251,189;-43,2876;7,85132e-06;4,34317e-06;0,835221;43,2876;0,0192947
-251,189;-53,367;1,12474e-05;7,06421e-06;0,883003;53,367;0,0165459
-251,189;-65,7933;1,59459e-05;1,06745e-05;0,939687;65,7933;0,0142824
-251,189;-81,1131;2,29728e-05;1,43578e-05;1,00701;81,1131;0,0124149
-251,189;-100;3,33356e-05;2,05192e-05;1,08689;100;0,0108689
-199,526;-0,1;4,2762e-11;1,74599e-11;0,00157024;0,1;0,0157024
-199,526;-0,123285;6,62524e-11;3,76501e-11;0,00200556;0,123285;0,0162677
-199,526;-0,151991;1,02977e-10;3,90319e-11;0,00254231;0,151991;0,0167267
-199,526;-0,187382;1,58002e-10;6,31277e-11;0,00320413;0,187382;0,0170995
-199,526;-0,231013;2,45529e-10;1,31124e-10;0,00402027;0,231013;0,0174028
-199,526;-0,284804;3,72349e-10;1,38863e-10;0,00502683;0,284804;0,0176502
-199,526;-0,351119;5,76959e-10;2,20876e-10;0,00626849;0,351119;0,0178529
-199,526;-0,432876;8,84806e-10;3,49484e-10;0,00780067;0,432876;0,0180206
-199,526;-0,53367;1,34065e-09;7,14291e-10;0,00969225;0,53367;0,0181615
-199,526;-0,657933;2,03369e-09;1,29749e-09;0,0120292;0,657933;0,0182834
-199,526;-0,811131;3,13307e-09;1,97108e-09;0,0149198;0,811131;0,0183938
-199,526;-1;4,77635e-09;3,20537e-09;0,018501;1;0,018501
-199,526;-1,23285;7,18414e-09;4,45689e-09;0,0229496;1,23285;0,0186151
-199,526;-1,51991;1,10339e-08;4,75709e-09;0,0284969;1,51991;0,0187491
-199,526;-1,87382;1,6886e-08;8,21075e-09;0,0354553;1,87382;0,0189214
-199,526;-2,31013;2,52164e-08;2,0746e-08;0,0442608;2,31013;0,0191595
-199,526;-2,84804;3,9042e-08;4,04018e-08;0,0555504;2,84804;0,0195048
-199,526;-3,51119;5,9767e-08;3,82332e-08;0,0703055;3,51119;0,0200233
-199,526;-4,32876;9,02596e-08;1,62637e-07;0,0901336;4,32876;0,020822
-199,526;-5,3367;1,36013e-07;3,20132e-07;0,117847;5,3367;0,0220824
-199,526;-6,57933;2,07756e-07;4,614e-07;0,15873;6,57933;0,0241255
-199,526;-8,11131;3,13362e-07;4,21169e-07;0,22349;8,11131;0,0275529
-199,526;-10;4,7673e-07;3,83983e-07;0,335701;10;0,0335701
-199,526;-12,3285;7,39048e-07;1,05241e-06;0,521861;12,3285;0,0423297
-199,526;-15,1991;1,10006e-06;1,21782e-06;0,629113;15,1991;0,0413914
-199,526;-18,7382;1,68893e-06;9,50243e-07;0,682688;18,7382;0,036433
-199,526;-23,1013;2,54943e-06;2,23068e-06;0,722773;23,1013;0,0312871
-199,526;-28,4804;3,79429e-06;1,84114e-06;0,758939;28,4804;0,0266478
-199,526;-35,1119;5,50362e-06;4,12088e-06;0,794733;35,1119;0,0226343
-199,526;-43,2876;7,85132e-06;4,34317e-06;0,835221;43,2876;0,0192947
-199,526;-53,367;1,12474e-05;7,06428e-06;0,883003;53,367;0,0165459
-199,526;-65,7933;1,59459e-05;1,06744e-05;0,939687;65,7933;0,0142824
-199,526;-81,1131;2,29728e-05;1,43578e-05;1,00701;81,1131;0,0124149
-199,526;-100;3,33356e-05;2,05192e-05;1,08689;100;0,0108689
-158,489;-0,1;4,2762e-11;1,74599e-11;0,00157024;0,1;0,0157024
-158,489;-0,123285;6,62524e-11;3,76501e-11;0,00200556;0,123285;0,0162677
-158,489;-0,151991;1,02977e-10;3,90319e-11;0,00254231;0,151991;0,0167267
-158,489;-0,187382;1,58002e-10;6,31277e-11;0,00320413;0,187382;0,0170995
-158,489;-0,231013;2,45529e-10;1,31124e-10;0,00402027;0,231013;0,0174028
-158,489;-0,284804;3,72349e-10;1,38863e-10;0,00502683;0,284804;0,0176502
-158,489;-0,351119;5,76959e-10;2,20876e-10;0,00626849;0,351119;0,0178529
-158,489;-0,432876;8,84806e-10;3,49484e-10;0,00780067;0,432876;0,0180206
-158,489;-0,53367;1,34065e-09;7,14291e-10;0,00969225;0,53367;0,0181615
-158,489;-0,657933;2,03369e-09;1,29749e-09;0,0120292;0,657933;0,0182834
-158,489;-0,811131;3,13307e-09;1,97108e-09;0,0149198;0,811131;0,0183938
-158,489;-1;4,77635e-09;3,20537e-09;0,018501;1;0,018501
-158,489;-1,23285;7,18414e-09;4,45689e-09;0,0229496;1,23285;0,0186151
-158,489;-1,51991;1,10339e-08;4,75709e-09;0,0284969;1,51991;0,0187491
-158,489;-1,87382;1,6886e-08;8,21075e-09;0,0354553;1,87382;0,0189214
-158,489;-2,31013;2,52164e-08;2,0746e-08;0,0442608;2,31013;0,0191595
-158,489;-2,84804;3,9042e-08;4,04018e-08;0,0555504;2,84804;0,0195048
-158,489;-3,51119;5,9767e-08;3,82332e-08;0,0703055;3,51119;0,0200233
-158,489;-4,32876;9,02596e-08;1,62637e-07;0,0901336;4,32876;0,020822
-158,489;-5,3367;1,36013e-07;3,20132e-07;0,117847;5,3367;0,0220824
-158,489;-6,57933;2,07756e-07;4,614e-07;0,15873;6,57933;0,0241255
-158,489;-8,11131;3,13362e-07;4,21169e-07;0,22349;8,11131;0,0275529
-158,489;-10;4,7673e-07;3,83983e-07;0,335701;10;0,0335701
-158,489;-12,3285;7,39048e-07;1,05241e-06;0,521861;12,3285;0,0423297
-158,489;-15,1991;1,10006e-06;1,21782e-06;0,629113;15,1991;0,0413914
-158,489;-18,7382;1,68893e-06;9,50243e-07;0,682688;18,7382;0,036433
-158,489;-23,1013;2,54943e-06;2,23068e-06;0,722773;23,1013;0,0312871
-158,489;-28,4804;3,79429e-06;1,84114e-06;0,758939;28,4804;0,0266478
-158,489;-35,1119;5,50362e-06;4,12088e-06;0,794733;35,1119;0,0226343
-158,489;-43,2876;7,85132e-06;4,34317e-06;0,835221;43,2876;0,0192947
-158,489;-53,367;1,12474e-05;7,06425e-06;0,883003;53,367;0,0165459
-158,489;-65,7933;1,59459e-05;1,06744e-05;0,939687;65,7933;0,0142824
-158,489;-81,1131;2,29728e-05;1,43578e-05;1,00701;81,1131;0,0124149
-158,489;-100;3,33356e-05;2,05192e-05;1,08689;100;0,0108689
-125,893;-0,1;4,2762e-11;1,74599e-11;0,00157024;0,1;0,0157024
-125,893;-0,123285;6,62524e-11;3,76501e-11;0,00200556;0,123285;0,0162677
-125,893;-0,151991;1,02977e-10;3,90319e-11;0,00254231;0,151991;0,0167267
-125,893;-0,187382;1,58002e-10;6,31277e-11;0,00320413;0,187382;0,0170995
-125,893;-0,231013;2,45529e-10;1,31124e-10;0,00402027;0,231013;0,0174028
-125,893;-0,284804;3,72349e-10;1,38863e-10;0,00502683;0,284804;0,0176502
-125,893;-0,351119;5,76959e-10;2,20876e-10;0,00626849;0,351119;0,0178529
-125,893;-0,432876;8,84806e-10;3,49484e-10;0,00780067;0,432876;0,0180206
-125,893;-0,53367;1,34065e-09;7,14291e-10;0,00969225;0,53367;0,0181615
-125,893;-0,657933;2,03369e-09;1,29749e-09;0,0120292;0,657933;0,0182834
-125,893;-0,811131;3,13307e-09;1,97108e-09;0,0149198;0,811131;0,0183938
-125,893;-1;4,77635e-09;3,20537e-09;0,018501;1;0,018501
-125,893;-1,23285;7,18414e-09;4,45689e-09;0,0229496;1,23285;0,0186151
-125,893;-1,51991;1,10339e-08;4,75709e-09;0,0284969;1,51991;0,0187491
-125,893;-1,87382;1,6886e-08;8,21075e-09;0,0354553;1,87382;0,0189214
-125,893;-2,31013;2,52164e-08;2,0746e-08;0,0442608;2,31013;0,0191595
-125,893;-2,84804;3,9042e-08;4,04018e-08;0,0555504;2,84804;0,0195048
-125,893;-3,51119;5,9767e-08;3,82332e-08;0,0703055;3,51119;0,0200233
-125,893;-4,32876;9,02596e-08;1,62637e-07;0,0901336;4,32876;0,020822
-125,893;-5,3367;1,36013e-07;3,20132e-07;0,117847;5,3367;0,0220824
-125,893;-6,57933;2,07756e-07;4,614e-07;0,15873;6,57933;0,0241255
-125,893;-8,11131;3,13362e-07;4,21169e-07;0,22349;8,11131;0,0275529
-125,893;-10;4,7673e-07;3,83983e-07;0,335701;10;0,0335701
-125,893;-12,3285;7,39048e-07;1,05241e-06;0,521861;12,3285;0,0423297
-125,893;-15,1991;1,10006e-06;1,21782e-06;0,629113;15,1991;0,0413914
-125,893;-18,7382;1,68893e-06;9,50243e-07;0,682688;18,7382;0,036433
-125,893;-23,1013;2,54943e-06;2,23068e-06;0,722773;23,1013;0,0312871
-125,893;-28,4804;3,79429e-06;1,84114e-06;0,758939;28,4804;0,0266478
-125,893;-35,1119;5,50362e-06;4,12088e-06;0,794733;35,1119;0,0226343
-125,893;-43,2876;7,85132e-06;4,34317e-06;0,835221;43,2876;0,0192947
-125,893;-53,367;1,12474e-05;7,06426e-06;0,883003;53,367;0,0165459
-125,893;-65,7933;1,59459e-05;1,06745e-05;0,939687;65,7933;0,0142824
-125,893;-81,1131;2,29728e-05;1,43578e-05;1,00701;81,1131;0,0124149
-125,893;-100;3,33356e-05;2,05192e-05;1,08689;100;0,0108689
-100;-0,1;4,2762e-11;1,74599e-11;0,00157024;0,1;0,0157024
-100;-0,123285;6,62524e-11;3,76501e-11;0,00200556;0,123285;0,0162677
-100;-0,151991;1,02977e-10;3,90319e-11;0,00254231;0,151991;0,0167267
-100;-0,187382;1,58002e-10;6,31277e-11;0,00320413;0,187382;0,0170995
-100;-0,231013;2,45529e-10;1,31124e-10;0,00402027;0,231013;0,0174028
-100;-0,284804;3,72349e-10;1,38863e-10;0,00502683;0,284804;0,0176502
-100;-0,351119;5,76959e-10;2,20876e-10;0,00626849;0,351119;0,0178529
-100;-0,432876;8,84806e-10;3,49484e-10;0,00780067;0,432876;0,0180206
-100;-0,53367;1,34065e-09;7,14291e-10;0,00969225;0,53367;0,0181615
-100;-0,657933;2,03369e-09;1,29749e-09;0,0120292;0,657933;0,0182834
-100;-0,811131;3,13307e-09;1,97108e-09;0,0149198;0,811131;0,0183938
-100;-1;4,77635e-09;3,20537e-09;0,018501;1;0,018501
-100;-1,23285;7,18414e-09;4,45689e-09;0,0229496;1,23285;0,0186151
-100;-1,51991;1,10339e-08;4,75709e-09;0,0284969;1,51991;0,0187491
-100;-1,87382;1,6886e-08;8,21075e-09;0,0354553;1,87382;0,0189214
-100;-2,31013;2,52164e-08;2,0746e-08;0,0442608;2,31013;0,0191595
-100;-2,84804;3,9042e-08;4,04018e-08;0,0555504;2,84804;0,0195048
-100;-3,51119;5,9767e-08;3,82332e-08;0,0703055;3,51119;0,0200233
-100;-4,32876;9,02596e-08;1,62637e-07;0,0901336;4,32876;0,020822
-100;-5,3367;1,36013e-07;3,20132e-07;0,117847;5,3367;0,0220824
-100;-6,57933;2,07756e-07;4,614e-07;0,15873;6,57933;0,0241255
-100;-8,11131;3,13362e-07;4,21169e-07;0,22349;8,11131;0,0275529
-100;-10;4,7673e-07;3,83983e-07;0,335701;10;0,0335701
-100;-12,3285;7,39048e-07;1,05241e-06;0,521861;12,3285;0,0423297
-100;-15,1991;1,10006e-06;1,21782e-06;0,629113;15,1991;0,0413914
-100;-18,7382;1,68893e-06;9,50243e-07;0,682688;18,7382;0,036433
-100;-23,1013;2,54943e-06;2,23068e-06;0,722773;23,1013;0,0312871
-100;-28,4804;3,79429e-06;1,84114e-06;0,758939;28,4804;0,0266478
-100;-35,1119;5,50362e-06;4,12088e-06;0,794733;35,1119;0,0226343
-100;-43,2876;7,85132e-06;4,34317e-06;0,835221;43,2876;0,0192947
-100;-53,367;1,12474e-05;7,06422e-06;0,883003;53,367;0,0165459
-100;-65,7933;1,59459e-05;1,06745e-05;0,939687;65,7933;0,0142824
-100;-81,1131;2,29728e-05;1,43578e-05;1,00701;81,1131;0,0124149
-100;-100;3,33356e-05;2,05192e-05;1,08689;100;0,0108689
-79,4328;-0,1;4,2762e-11;1,74599e-11;0,00157024;0,1;0,0157024
-79,4328;-0,123285;6,62524e-11;3,76501e-11;0,00200556;0,123285;0,0162677
-79,4328;-0,151991;1,02977e-10;3,90319e-11;0,00254231;0,151991;0,0167267
-79,4328;-0,187382;1,58002e-10;6,31277e-11;0,00320413;0,187382;0,0170995
-79,4328;-0,231013;2,45529e-10;1,31124e-10;0,00402027;0,231013;0,0174028
-79,4328;-0,284804;3,72349e-10;1,38863e-10;0,00502683;0,284804;0,0176502
-79,4328;-0,351119;5,76959e-10;2,20876e-10;0,00626849;0,351119;0,0178529
-79,4328;-0,432876;8,84806e-10;3,49484e-10;0,00780067;0,432876;0,0180206
-79,4328;-0,53367;1,34065e-09;7,14291e-10;0,00969225;0,53367;0,0181615
-79,4328;-0,657933;2,03369e-09;1,29749e-09;0,0120292;0,657933;0,0182834
-79,4328;-0,811131;3,13307e-09;1,97108e-09;0,0149198;0,811131;0,0183938
-79,4328;-1;4,77635e-09;3,20537e-09;0,018501;1;0,018501
-79,4328;-1,23285;7,18414e-09;4,45689e-09;0,0229496;1,23285;0,0186151
-79,4328;-1,51991;1,10339e-08;4,75709e-09;0,0284969;1,51991;0,0187491
-79,4328;-1,87382;1,6886e-08;8,21075e-09;0,0354553;1,87382;0,0189214
-79,4328;-2,31013;2,52164e-08;2,0746e-08;0,0442608;2,31013;0,0191595
-79,4328;-2,84804;3,9042e-08;4,04018e-08;0,0555504;2,84804;0,0195048
-79,4328;-3,51119;5,9767e-08;3,82332e-08;0,0703055;3,51119;0,0200233
-79,4328;-4,32876;9,02596e-08;1,62637e-07;0,0901336;4,32876;0,020822
-79,4328;-5,3367;1,36013e-07;3,20132e-07;0,117847;5,3367;0,0220824
-79,4328;-6,57933;2,07756e-07;4,614e-07;0,15873;6,57933;0,0241255
-79,4328;-8,11131;3,13362e-07;4,21169e-07;0,22349;8,11131;0,0275529
-79,4328;-10;4,7673e-07;3,83983e-07;0,335701;10;0,0335701
-79,4328;-12,3285;7,39048e-07;1,05241e-06;0,521861;12,3285;0,0423297
-79,4328;-15,1991;1,10006e-06;1,21782e-06;0,629113;15,1991;0,0413914
-79,4328;-18,7382;1,68893e-06;9,50243e-07;0,682688;18,7382;0,036433
-79,4328;-23,1013;2,54943e-06;2,23068e-06;0,722773;23,1013;0,0312871
-79,4328;-28,4804;3,79429e-06;1,84114e-06;0,758939;28,4804;0,0266478
-79,4328;-35,1119;5,50362e-06;4,12088e-06;0,794733;35,1119;0,0226343
-79,4328;-43,2876;7,85132e-06;4,34317e-06;0,835221;43,2876;0,0192947
-79,4328;-53,367;1,12474e-05;7,06425e-06;0,883003;53,367;0,0165459
-79,4328;-65,7933;1,59459e-05;1,06745e-05;0,939687;65,7933;0,0142824
-79,4328;-81,1131;2,29728e-05;1,43578e-05;1,00701;81,1131;0,0124149
-79,4328;-100;3,33356e-05;2,05192e-05;1,08689;100;0,0108689
-63,0957;-0,1;4,2762e-11;1,74599e-11;0,00157024;0,1;0,0157024
-63,0957;-0,123285;6,62524e-11;3,76501e-11;0,00200556;0,123285;0,0162677
-63,0957;-0,151991;1,02977e-10;3,90319e-11;0,00254231;0,151991;0,0167267
-63,0957;-0,187382;1,58002e-10;6,31277e-11;0,00320413;0,187382;0,0170995
-63,0957;-0,231013;2,45529e-10;1,31124e-10;0,00402027;0,231013;0,0174028
-63,0957;-0,284804;3,72349e-10;1,38863e-10;0,00502683;0,284804;0,0176502
-63,0957;-0,351119;5,76959e-10;2,20876e-10;0,00626849;0,351119;0,0178529
-63,0957;-0,432876;8,84806e-10;3,49484e-10;0,00780067;0,432876;0,0180206
-63,0957;-0,53367;1,34065e-09;7,14291e-10;0,00969225;0,53367;0,0181615
-63,0957;-0,657933;2,03369e-09;1,29749e-09;0,0120292;0,657933;0,0182834
-63,0957;-0,811131;3,13307e-09;1,97108e-09;0,0149198;0,811131;0,0183938
-63,0957;-1;4,77635e-09;3,20537e-09;0,018501;1;0,018501
-63,0957;-1,23285;7,18414e-09;4,45689e-09;0,0229496;1,23285;0,0186151
-63,0957;-1,51991;1,10339e-08;4,75709e-09;0,0284969;1,51991;0,0187491
-63,0957;-1,87382;1,6886e-08;8,21075e-09;0,0354553;1,87382;0,0189214
-63,0957;-2,31013;2,52164e-08;2,0746e-08;0,0442608;2,31013;0,0191595
-63,0957;-2,84804;3,9042e-08;4,04018e-08;0,0555504;2,84804;0,0195048
-63,0957;-3,51119;5,9767e-08;3,82332e-08;0,0703055;3,51119;0,0200233
-63,0957;-4,32876;9,02596e-08;1,62637e-07;0,0901336;4,32876;0,020822
-63,0957;-5,3367;1,36013e-07;3,20132e-07;0,117847;5,3367;0,0220824
-63,0957;-6,57933;2,07756e-07;4,614e-07;0,15873;6,57933;0,0241255
-63,0957;-8,11131;3,13362e-07;4,21169e-07;0,22349;8,11131;0,0275529
-63,0957;-10;4,7673e-07;3,83983e-07;0,335701;10;0,0335701
-63,0957;-12,3285;7,39048e-07;1,05241e-06;0,521861;12,3285;0,0423297
-63,0957;-15,1991;1,10006e-06;1,21782e-06;0,629113;15,1991;0,0413914
-63,0957;-18,7382;1,68893e-06;9,50243e-07;0,682688;18,7382;0,036433
-63,0957;-23,1013;2,54943e-06;2,23068e-06;0,722773;23,1013;0,0312871
-63,0957;-28,4804;3,79429e-06;1,84114e-06;0,758939;28,4804;0,0266478
-63,0957;-35,1119;5,50362e-06;4,12088e-06;0,794733;35,1119;0,0226343
-63,0957;-43,2876;7,85132e-06;4,34317e-06;0,835221;43,2876;0,0192947
-63,0957;-53,367;1,12474e-05;7,06428e-06;0,883003;53,367;0,0165459
-63,0957;-65,7933;1,59459e-05;1,06746e-05;0,939687;65,7933;0,0142824
-63,0957;-81,1131;2,29728e-05;1,43578e-05;1,00701;81,1131;0,0124149
-63,0957;-100;3,33356e-05;2,05192e-05;1,08689;100;0,0108689
-50,1187;-0,1;4,2762e-11;1,74599e-11;0,00157024;0,1;0,0157024
-50,1187;-0,123285;6,62524e-11;3,76501e-11;0,00200556;0,123285;0,0162677
-50,1187;-0,151991;1,02977e-10;3,90319e-11;0,00254231;0,151991;0,0167267
-50,1187;-0,187382;1,58002e-10;6,31277e-11;0,00320413;0,187382;0,0170995
-50,1187;-0,231013;2,45529e-10;1,31124e-10;0,00402027;0,231013;0,0174028
-50,1187;-0,284804;3,72349e-10;1,38863e-10;0,00502683;0,284804;0,0176502
-50,1187;-0,351119;5,76959e-10;2,20876e-10;0,00626849;0,351119;0,0178529
-50,1187;-0,432876;8,84806e-10;3,49484e-10;0,00780067;0,432876;0,0180206
-50,1187;-0,53367;1,34065e-09;7,14291e-10;0,00969225;0,53367;0,0181615
-50,1187;-0,657933;2,03369e-09;1,29749e-09;0,0120292;0,657933;0,0182834
-50,1187;-0,811131;3,13307e-09;1,97108e-09;0,0149198;0,811131;0,0183938
-50,1187;-1;4,77635e-09;3,20537e-09;0,018501;1;0,018501
-50,1187;-1,23285;7,18414e-09;4,45689e-09;0,0229496;1,23285;0,0186151
-50,1187;-1,51991;1,10339e-08;4,75709e-09;0,0284969;1,51991;0,0187491
-50,1187;-1,87382;1,6886e-08;8,21075e-09;0,0354553;1,87382;0,0189214
-50,1187;-2,31013;2,52164e-08;2,0746e-08;0,0442608;2,31013;0,0191595
-50,1187;-2,84804;3,9042e-08;4,04018e-08;0,0555504;2,84804;0,0195048
-50,1187;-3,51119;5,9767e-08;3,82332e-08;0,0703055;3,51119;0,0200233
-50,1187;-4,32876;9,02596e-08;1,62637e-07;0,0901336;4,32876;0,020822
-50,1187;-5,3367;1,36013e-07;3,20132e-07;0,117847;5,3367;0,0220824
-50,1187;-6,57933;2,07756e-07;4,614e-07;0,15873;6,57933;0,0241255
-50,1187;-8,11131;3,13362e-07;4,21169e-07;0,22349;8,11131;0,0275529
-50,1187;-10;4,7673e-07;3,83983e-07;0,335701;10;0,0335701
-50,1187;-12,3285;7,39048e-07;1,05241e-06;0,521861;12,3285;0,0423297
-50,1187;-15,1991;1,10006e-06;1,21782e-06;0,629113;15,1991;0,0413914
-50,1187;-18,7382;1,68893e-06;9,50243e-07;0,682688;18,7382;0,036433
-50,1187;-23,1013;2,54943e-06;2,23068e-06;0,722773;23,1013;0,0312871
-50,1187;-28,4804;3,79429e-06;1,84114e-06;0,758939;28,4804;0,0266478
-50,1187;-35,1119;5,50362e-06;4,12088e-06;0,794733;35,1119;0,0226343
-50,1187;-43,2876;7,85132e-06;4,34317e-06;0,835221;43,2876;0,0192947
-50,1187;-53,367;1,12474e-05;7,06423e-06;0,883003;53,367;0,0165459
-50,1187;-65,7933;1,59459e-05;1,06744e-05;0,939687;65,7933;0,0142824
-50,1187;-81,1131;2,29728e-05;1,43578e-05;1,00701;81,1131;0,0124149
-50,1187;-100;3,33356e-05;2,05192e-05;1,08689;100;0,0108689
-39,8107;-0,1;4,2762e-11;1,74599e-11;0,00157024;0,1;0,0157024
-39,8107;-0,123285;6,62524e-11;3,76501e-11;0,00200556;0,123285;0,0162677
-39,8107;-0,151991;1,02977e-10;3,90319e-11;0,00254231;0,151991;0,0167267
-39,8107;-0,187382;1,58002e-10;6,31277e-11;0,00320413;0,187382;0,0170995
-39,8107;-0,231013;2,45529e-10;1,31124e-10;0,00402027;0,231013;0,0174028
-39,8107;-0,284804;3,72349e-10;1,38863e-10;0,00502683;0,284804;0,0176502
-39,8107;-0,351119;5,76959e-10;2,20876e-10;0,00626849;0,351119;0,0178529
-39,8107;-0,432876;8,84806e-10;3,49484e-10;0,00780067;0,432876;0,0180206
-39,8107;-0,53367;1,34065e-09;7,14291e-10;0,00969225;0,53367;0,0181615
-39,8107;-0,657933;2,03369e-09;1,29749e-09;0,0120292;0,657933;0,0182834
-39,8107;-0,811131;3,13307e-09;1,97108e-09;0,0149198;0,811131;0,0183938
-39,8107;-1;4,77635e-09;3,20537e-09;0,018501;1;0,018501
-39,8107;-1,23285;7,18414e-09;4,45689e-09;0,0229496;1,23285;0,0186151
-39,8107;-1,51991;1,10339e-08;4,75709e-09;0,0284969;1,51991;0,0187491
-39,8107;-1,87382;1,6886e-08;8,21075e-09;0,0354553;1,87382;0,0189214
-39,8107;-2,31013;2,52164e-08;2,0746e-08;0,0442608;2,31013;0,0191595
-39,8107;-2,84804;3,9042e-08;4,04018e-08;0,0555504;2,84804;0,0195048
-39,8107;-3,51119;5,9767e-08;3,82332e-08;0,0703055;3,51119;0,0200233
-39,8107;-4,32876;9,02596e-08;1,62637e-07;0,0901336;4,32876;0,020822
-39,8107;-5,3367;1,36013e-07;3,20132e-07;0,117847;5,3367;0,0220824
-39,8107;-6,57933;2,07756e-07;4,614e-07;0,15873;6,57933;0,0241255
-39,8107;-8,11131;3,13362e-07;4,21169e-07;0,22349;8,11131;0,0275529
-39,8107;-10;4,7673e-07;3,83983e-07;0,335701;10;0,0335701
-39,8107;-12,3285;7,39048e-07;1,05241e-06;0,521861;12,3285;0,0423297
-39,8107;-15,1991;1,10006e-06;1,21782e-06;0,629113;15,1991;0,0413914
-39,8107;-18,7382;1,68893e-06;9,50243e-07;0,682688;18,7382;0,036433
-39,8107;-23,1013;2,54943e-06;2,23068e-06;0,722773;23,1013;0,0312871
-39,8107;-28,4804;3,79429e-06;1,84114e-06;0,758939;28,4804;0,0266478
-39,8107;-35,1119;5,50362e-06;4,12088e-06;0,794733;35,1119;0,0226343
-39,8107;-43,2876;7,85132e-06;4,34317e-06;0,835221;43,2876;0,0192947
-39,8107;-53,367;1,12474e-05;7,06426e-06;0,883003;53,367;0,0165459
-39,8107;-65,7933;1,59459e-05;1,06745e-05;0,939687;65,7933;0,0142824
-39,8107;-81,1131;2,29728e-05;1,43578e-05;1,00701;81,1131;0,0124149
-39,8107;-100;3,33356e-05;2,05192e-05;1,08689;100;0,0108689
-31,6228;-0,1;4,2762e-11;1,74599e-11;0,00157024;0,1;0,0157024
-31,6228;-0,123285;6,62524e-11;3,76501e-11;0,00200556;0,123285;0,0162677
-31,6228;-0,151991;1,02977e-10;3,90319e-11;0,00254231;0,151991;0,0167267
-31,6228;-0,187382;1,58002e-10;6,31277e-11;0,00320413;0,187382;0,0170995
-31,6228;-0,231013;2,45529e-10;1,31124e-10;0,00402027;0,231013;0,0174028
-31,6228;-0,284804;3,72349e-10;1,38863e-10;0,00502683;0,284804;0,0176502
-31,6228;-0,351119;5,76959e-10;2,20876e-10;0,00626849;0,351119;0,0178529
-31,6228;-0,432876;8,84806e-10;3,49484e-10;0,00780067;0,432876;0,0180206
-31,6228;-0,53367;1,34065e-09;7,14291e-10;0,00969225;0,53367;0,0181615
-31,6228;-0,657933;2,03369e-09;1,29749e-09;0,0120292;0,657933;0,0182834
-31,6228;-0,811131;3,13307e-09;1,97108e-09;0,0149198;0,811131;0,0183938
-31,6228;-1;4,77635e-09;3,20537e-09;0,018501;1;0,018501
-31,6228;-1,23285;7,18414e-09;4,45689e-09;0,0229496;1,23285;0,0186151
-31,6228;-1,51991;1,10339e-08;4,75709e-09;0,0284969;1,51991;0,0187491
-31,6228;-1,87382;1,6886e-08;8,21075e-09;0,0354553;1,87382;0,0189214
-31,6228;-2,31013;2,52164e-08;2,0746e-08;0,0442608;2,31013;0,0191595
-31,6228;-2,84804;3,9042e-08;4,04018e-08;0,0555504;2,84804;0,0195048
-31,6228;-3,51119;5,9767e-08;3,82332e-08;0,0703055;3,51119;0,0200233
-31,6228;-4,32876;9,02596e-08;1,62637e-07;0,0901336;4,32876;0,020822
-31,6228;-5,3367;1,36013e-07;3,20132e-07;0,117847;5,3367;0,0220824
-31,6228;-6,57933;2,07756e-07;4,614e-07;0,15873;6,57933;0,0241255
-31,6228;-8,11131;3,13362e-07;4,21169e-07;0,22349;8,11131;0,0275529
-31,6228;-10;4,7673e-07;3,83983e-07;0,335701;10;0,0335701
-31,6228;-12,3285;7,39048e-07;1,05241e-06;0,521861;12,3285;0,0423297
-31,6228;-15,1991;1,10006e-06;1,21782e-06;0,629113;15,1991;0,0413914
-31,6228;-18,7382;1,68893e-06;9,50243e-07;0,682688;18,7382;0,036433
-31,6228;-23,1013;2,54943e-06;2,23068e-06;0,722773;23,1013;0,0312871
-31,6228;-28,4804;3,79429e-06;1,84114e-06;0,758939;28,4804;0,0266478
-31,6228;-35,1119;5,50362e-06;4,12088e-06;0,794733;35,1119;0,0226343
-31,6228;-43,2876;7,85132e-06;4,34317e-06;0,835221;43,2876;0,0192947
-31,6228;-53,367;1,12474e-05;7,06425e-06;0,883003;53,367;0,0165459
-31,6228;-65,7933;1,59459e-05;1,06745e-05;0,939687;65,7933;0,0142824
-31,6228;-81,1131;2,29728e-05;1,43578e-05;1,00701;81,1131;0,0124149
-31,6228;-100;3,33356e-05;2,05192e-05;1,08689;100;0,0108689
-25,1189;-0,1;4,2762e-11;1,74599e-11;0,00157024;0,1;0,0157024
-25,1189;-0,123285;6,62524e-11;3,76501e-11;0,00200556;0,123285;0,0162677
-25,1189;-0,151991;1,02977e-10;3,90319e-11;0,00254231;0,151991;0,0167267
-25,1189;-0,187382;1,58002e-10;6,31277e-11;0,00320413;0,187382;0,0170995
-25,1189;-0,231013;2,45529e-10;1,31124e-10;0,00402027;0,231013;0,0174028
-25,1189;-0,284804;3,72349e-10;1,38863e-10;0,00502683;0,284804;0,0176502
-25,1189;-0,351119;5,76959e-10;2,20876e-10;0,00626849;0,351119;0,0178529
-25,1189;-0,432876;8,84806e-10;3,49484e-10;0,00780067;0,432876;0,0180206
-25,1189;-0,53367;1,34065e-09;7,14291e-10;0,00969225;0,53367;0,0181615
-25,1189;-0,657933;2,03369e-09;1,29749e-09;0,0120292;0,657933;0,0182834
-25,1189;-0,811131;3,13307e-09;1,97108e-09;0,0149198;0,811131;0,0183938
-25,1189;-1;4,77635e-09;3,20537e-09;0,018501;1;0,018501
-25,1189;-1,23285;7,18414e-09;4,45689e-09;0,0229496;1,23285;0,0186151
-25,1189;-1,51991;1,10339e-08;4,75709e-09;0,0284969;1,51991;0,0187491
-25,1189;-1,87382;1,6886e-08;8,21075e-09;0,0354553;1,87382;0,0189214
-25,1189;-2,31013;2,52164e-08;2,0746e-08;0,0442608;2,31013;0,0191595
-25,1189;-2,84804;3,9042e-08;4,04018e-08;0,0555504;2,84804;0,0195048
-25,1189;-3,51119;5,9767e-08;3,82332e-08;0,0703055;3,51119;0,0200233
-25,1189;-4,32876;9,02596e-08;1,62637e-07;0,0901336;4,32876;0,020822
-25,1189;-5,3367;1,36013e-07;3,20132e-07;0,117847;5,3367;0,0220824
-25,1189;-6,57933;2,07756e-07;4,614e-07;0,15873;6,57933;0,0241255
-25,1189;-8,11131;3,13362e-07;4,21169e-07;0,22349;8,11131;0,0275529
-25,1189;-10;4,7673e-07;3,83983e-07;0,335701;10;0,0335701
-25,1189;-12,3285;7,39048e-07;1,05241e-06;0,521861;12,3285;0,0423297
-25,1189;-15,1991;1,10006e-06;1,21782e-06;0,629113;15,1991;0,0413914
-25,1189;-18,7382;1,68893e-06;9,50243e-07;0,682688;18,7382;0,036433
-25,1189;-23,1013;2,54943e-06;2,23068e-06;0,722773;23,1013;0,0312871
-25,1189;-28,4804;3,79429e-06;1,84114e-06;0,758939;28,4804;0,0266478
-25,1189;-35,1119;5,50362e-06;4,12088e-06;0,794733;35,1119;0,0226343
-25,1189;-43,2876;7,85132e-06;4,34317e-06;0,835221;43,2876;0,0192947
-25,1189;-53,367;1,12474e-05;7,06424e-06;0,883003;53,367;0,0165459
-25,1189;-65,7933;1,59459e-05;1,06745e-05;0,939687;65,7933;0,0142824
-25,1189;-81,1131;2,29728e-05;1,43578e-05;1,00701;81,1131;0,0124149
-25,1189;-100;3,33356e-05;2,05192e-05;1,08689;100;0,0108689
-19,9526;-0,1;4,2762e-11;1,74599e-11;0,00157024;0,1;0,0157024
-19,9526;-0,123285;6,62524e-11;3,76501e-11;0,00200556;0,123285;0,0162677
-19,9526;-0,151991;1,02977e-10;3,90319e-11;0,00254231;0,151991;0,0167267
-19,9526;-0,187382;1,58002e-10;6,31277e-11;0,00320413;0,187382;0,0170995
-19,9526;-0,231013;2,45529e-10;1,31124e-10;0,00402027;0,231013;0,0174028
-19,9526;-0,284804;3,72349e-10;1,38863e-10;0,00502683;0,284804;0,0176502
-19,9526;-0,351119;5,76959e-10;2,20876e-10;0,00626849;0,351119;0,0178529
-19,9526;-0,432876;8,84806e-10;3,49484e-10;0,00780067;0,432876;0,0180206
-19,9526;-0,53367;1,34065e-09;7,14291e-10;0,00969225;0,53367;0,0181615
-19,9526;-0,657933;2,03369e-09;1,29749e-09;0,0120292;0,657933;0,0182834
-19,9526;-0,811131;3,13307e-09;1,97108e-09;0,0149198;0,811131;0,0183938
-19,9526;-1;4,77635e-09;3,20537e-09;0,018501;1;0,018501
-19,9526;-1,23285;7,18414e-09;4,45689e-09;0,0229496;1,23285;0,0186151
-19,9526;-1,51991;1,10339e-08;4,75709e-09;0,0284969;1,51991;0,0187491
-19,9526;-1,87382;1,6886e-08;8,21075e-09;0,0354553;1,87382;0,0189214
-19,9526;-2,31013;2,52164e-08;2,0746e-08;0,0442608;2,31013;0,0191595
-19,9526;-2,84804;3,9042e-08;4,04018e-08;0,0555504;2,84804;0,0195048
-19,9526;-3,51119;5,9767e-08;3,82332e-08;0,0703055;3,51119;0,0200233
-19,9526;-4,32876;9,02596e-08;1,62637e-07;0,0901336;4,32876;0,020822
-19,9526;-5,3367;1,36013e-07;3,20132e-07;0,117847;5,3367;0,0220824
-19,9526;-6,57933;2,07756e-07;4,614e-07;0,15873;6,57933;0,0241255
-19,9526;-8,11131;3,13362e-07;4,21169e-07;0,22349;8,11131;0,0275529
-19,9526;-10;4,7673e-07;3,83983e-07;0,335701;10;0,0335701
-19,9526;-12,3285;7,39048e-07;1,05241e-06;0,521861;12,3285;0,0423297
-19,9526;-15,1991;1,10006e-06;1,21782e-06;0,629113;15,1991;0,0413914
-19,9526;-18,7382;1,68893e-06;9,50243e-07;0,682688;18,7382;0,036433
-19,9526;-23,1013;2,54943e-06;2,23068e-06;0,722773;23,1013;0,0312871
-19,9526;-28,4804;3,79429e-06;1,84114e-06;0,758939;28,4804;0,0266478
-19,9526;-35,1119;5,50362e-06;4,12088e-06;0,794733;35,1119;0,0226343
-19,9526;-43,2876;7,85132e-06;4,34317e-06;0,835221;43,2876;0,0192947
-19,9526;-53,367;1,12474e-05;7,06425e-06;0,883003;53,367;0,0165459
-19,9526;-65,7933;1,59459e-05;1,06744e-05;0,939687;65,7933;0,0142824
-19,9526;-81,1131;2,29728e-05;1,43578e-05;1,00701;81,1131;0,0124149
-19,9526;-100;3,33356e-05;2,05192e-05;1,08689;100;0,0108689
-15,8489;-0,1;4,2762e-11;1,74599e-11;0,00157024;0,1;0,0157024
-15,8489;-0,123285;6,62524e-11;3,76501e-11;0,00200556;0,123285;0,0162677
-15,8489;-0,151991;1,02977e-10;3,90319e-11;0,00254231;0,151991;0,0167267
-15,8489;-0,187382;1,58002e-10;6,31277e-11;0,00320413;0,187382;0,0170995
-15,8489;-0,231013;2,45529e-10;1,31124e-10;0,00402027;0,231013;0,0174028
-15,8489;-0,284804;3,72349e-10;1,38863e-10;0,00502683;0,284804;0,0176502
-15,8489;-0,351119;5,76959e-10;2,20876e-10;0,00626849;0,351119;0,0178529
-15,8489;-0,432876;8,84806e-10;3,49484e-10;0,00780067;0,432876;0,0180206
-15,8489;-0,53367;1,34065e-09;7,14291e-10;0,00969225;0,53367;0,0181615
-15,8489;-0,657933;2,03369e-09;1,29749e-09;0,0120292;0,657933;0,0182834
-15,8489;-0,811131;3,13307e-09;1,97108e-09;0,0149198;0,811131;0,0183938
-15,8489;-1;4,77635e-09;3,20537e-09;0,018501;1;0,018501
-15,8489;-1,23285;7,18414e-09;4,45689e-09;0,0229496;1,23285;0,0186151
-15,8489;-1,51991;1,10339e-08;4,75709e-09;0,0284969;1,51991;0,0187491
-15,8489;-1,87382;1,6886e-08;8,21075e-09;0,0354553;1,87382;0,0189214
-15,8489;-2,31013;2,52164e-08;2,0746e-08;0,0442608;2,31013;0,0191595
-15,8489;-2,84804;3,9042e-08;4,04018e-08;0,0555504;2,84804;0,0195048
-15,8489;-3,51119;5,9767e-08;3,82332e-08;0,0703055;3,51119;0,0200233
-15,8489;-4,32876;9,02596e-08;1,62637e-07;0,0901336;4,32876;0,020822
-15,8489;-5,3367;1,36013e-07;3,20132e-07;0,117847;5,3367;0,0220824
-15,8489;-6,57933;2,07756e-07;4,614e-07;0,15873;6,57933;0,0241255
-15,8489;-8,11131;3,13362e-07;4,21169e-07;0,22349;8,11131;0,0275529
-15,8489;-10;4,7673e-07;3,83983e-07;0,335701;10;0,0335701
-15,8489;-12,3285;7,39048e-07;1,05241e-06;0,521861;12,3285;0,0423297
-15,8489;-15,1991;1,10006e-06;1,21782e-06;0,629113;15,1991;0,0413914
-15,8489;-18,7382;1,68893e-06;9,50243e-07;0,682688;18,7382;0,036433
-15,8489;-23,1013;2,54943e-06;2,23068e-06;0,722773;23,1013;0,0312871
-15,8489;-28,4804;3,79429e-06;1,84115e-06;0,758939;28,4804;0,0266478
-15,8489;-35,1119;5,50362e-06;4,12088e-06;0,794733;35,1119;0,0226343
-15,8489;-43,2876;7,85132e-06;4,34317e-06;0,835221;43,2876;0,0192947
-15,8489;-53,367;1,12474e-05;7,06423e-06;0,883003;53,367;0,0165459
-15,8489;-65,7933;1,59459e-05;1,06745e-05;0,939687;65,7933;0,0142824
-15,8489;-81,1131;2,29728e-05;1,43578e-05;1,00701;81,1131;0,0124149
-15,8489;-100;3,33356e-05;2,05192e-05;1,08689;100;0,0108689
-12,5893;-0,1;4,2762e-11;1,74599e-11;0,00157024;0,1;0,0157024
-12,5893;-0,123285;6,62524e-11;3,76501e-11;0,00200556;0,123285;0,0162677
-12,5893;-0,151991;1,02977e-10;3,90319e-11;0,00254231;0,151991;0,0167267
-12,5893;-0,187382;1,58002e-10;6,31277e-11;0,00320413;0,187382;0,0170995
-12,5893;-0,231013;2,45529e-10;1,31124e-10;0,00402027;0,231013;0,0174028
-12,5893;-0,284804;3,72349e-10;1,38863e-10;0,00502683;0,284804;0,0176502
-12,5893;-0,351119;5,76959e-10;2,20876e-10;0,00626849;0,351119;0,0178529
-12,5893;-0,432876;8,84806e-10;3,49484e-10;0,00780067;0,432876;0,0180206
-12,5893;-0,53367;1,34065e-09;7,14291e-10;0,00969225;0,53367;0,0181615
-12,5893;-0,657933;2,03369e-09;1,29749e-09;0,0120292;0,657933;0,0182834
-12,5893;-0,811131;3,13307e-09;1,97108e-09;0,0149198;0,811131;0,0183938
-12,5893;-1;4,77635e-09;3,20537e-09;0,018501;1;0,018501
-12,5893;-1,23285;7,18414e-09;4,45689e-09;0,0229496;1,23285;0,0186151
-12,5893;-1,51991;1,10339e-08;4,75709e-09;0,0284969;1,51991;0,0187491
-12,5893;-1,87382;1,6886e-08;8,21075e-09;0,0354553;1,87382;0,0189214
-12,5893;-2,31013;2,52164e-08;2,0746e-08;0,0442608;2,31013;0,0191595
-12,5893;-2,84804;3,9042e-08;4,04018e-08;0,0555504;2,84804;0,0195048
-12,5893;-3,51119;5,9767e-08;3,82332e-08;0,0703055;3,51119;0,0200233
-12,5893;-4,32876;9,02596e-08;1,62637e-07;0,0901336;4,32876;0,020822
-12,5893;-5,3367;1,36013e-07;3,20132e-07;0,117847;5,3367;0,0220824
-12,5893;-6,57933;2,07756e-07;4,614e-07;0,15873;6,57933;0,0241255
-12,5893;-8,11131;3,13362e-07;4,21169e-07;0,22349;8,11131;0,0275529
-12,5893;-10;4,7673e-07;3,83983e-07;0,335701;10;0,0335701
-12,5893;-12,3285;7,39048e-07;1,05241e-06;0,521861;12,3285;0,0423297
-12,5893;-15,1991;1,10006e-06;1,21782e-06;0,629113;15,1991;0,0413914
-12,5893;-18,7382;1,68893e-06;9,50243e-07;0,682688;18,7382;0,036433
-12,5893;-23,1013;2,54943e-06;2,23068e-06;0,722773;23,1013;0,0312871
-12,5893;-28,4804;3,79429e-06;1,84114e-06;0,758939;28,4804;0,0266478
-12,5893;-35,1119;5,50362e-06;4,12088e-06;0,794733;35,1119;0,0226343
-12,5893;-43,2876;7,85132e-06;4,34317e-06;0,835221;43,2876;0,0192947
-12,5893;-53,367;1,12474e-05;7,06426e-06;0,883003;53,367;0,0165459
-12,5893;-65,7933;1,59459e-05;1,06745e-05;0,939687;65,7933;0,0142824
-12,5893;-81,1131;2,29728e-05;1,43578e-05;1,00701;81,1131;0,0124149
-12,5893;-100;3,33356e-05;2,05192e-05;1,08689;100;0,0108689
-10;-0,1;4,2762e-11;1,74599e-11;0,00157024;0,1;0,0157024
-10;-0,123285;6,62524e-11;3,76501e-11;0,00200556;0,123285;0,0162677
-10;-0,151991;1,02977e-10;3,90319e-11;0,00254231;0,151991;0,0167267
-10;-0,187382;1,58002e-10;6,31277e-11;0,00320413;0,187382;0,0170995
-10;-0,231013;2,45529e-10;1,31124e-10;0,00402027;0,231013;0,0174028
-10;-0,284804;3,72349e-10;1,38863e-10;0,00502683;0,284804;0,0176502
-10;-0,351119;5,76959e-10;2,20876e-10;0,00626849;0,351119;0,0178529
-10;-0,432876;8,84806e-10;3,49484e-10;0,00780067;0,432876;0,0180206
-10;-0,53367;1,34065e-09;7,14291e-10;0,00969225;0,53367;0,0181615
-10;-0,657933;2,03369e-09;1,29749e-09;0,0120292;0,657933;0,0182834
-10;-0,811131;3,13307e-09;1,97108e-09;0,0149198;0,811131;0,0183938
-10;-1;4,77635e-09;3,20537e-09;0,018501;1;0,018501
-10;-1,23285;7,18414e-09;4,45689e-09;0,0229496;1,23285;0,0186151
-10;-1,51991;1,10339e-08;4,75709e-09;0,0284969;1,51991;0,0187491
-10;-1,87382;1,6886e-08;8,21075e-09;0,0354553;1,87382;0,0189214
-10;-2,31013;2,52164e-08;2,0746e-08;0,0442608;2,31013;0,0191595
-10;-2,84804;3,9042e-08;4,04018e-08;0,0555504;2,84804;0,0195048
-10;-3,51119;5,9767e-08;3,82332e-08;0,0703055;3,51119;0,0200233
-10;-4,32876;9,02596e-08;1,62637e-07;0,0901336;4,32876;0,020822
-10;-5,3367;1,36013e-07;3,20132e-07;0,117847;5,3367;0,0220824
-10;-6,57933;2,07756e-07;4,614e-07;0,15873;6,57933;0,0241255
-10;-8,11131;3,13362e-07;4,21169e-07;0,22349;8,11131;0,0275529
-10;-10;4,7673e-07;3,83983e-07;0,335701;10;0,0335701
-10;-12,3285;7,39048e-07;1,05241e-06;0,521861;12,3285;0,0423297
-10;-15,1991;1,10006e-06;1,21782e-06;0,629113;15,1991;0,0413914
-10;-18,7382;1,68893e-06;9,50243e-07;0,682688;18,7382;0,036433
-10;-23,1013;2,54943e-06;2,23068e-06;0,722773;23,1013;0,0312871
-10;-28,4804;3,79429e-06;1,84114e-06;0,758939;28,4804;0,0266478
-10;-35,1119;5,50362e-06;4,12088e-06;0,794733;35,1119;0,0226343
-10;-43,2876;7,85132e-06;4,34317e-06;0,835221;43,2876;0,0192947
-10;-53,367;1,12474e-05;7,06426e-06;0,883003;53,367;0,0165459
-10;-65,7933;1,59459e-05;1,06744e-05;0,939687;65,7933;0,0142824
-10;-81,1131;2,29728e-05;1,43578e-05;1,00701;81,1131;0,0124149
-10;-100;3,33356e-05;2,05192e-05;1,08689;100;0,0108689
-7,94328;-0,1;4,2762e-11;1,74599e-11;0,00157024;0,1;0,0157024
-7,94328;-0,123285;6,62524e-11;3,76501e-11;0,00200556;0,123285;0,0162677
-7,94328;-0,151991;1,02977e-10;3,90319e-11;0,00254231;0,151991;0,0167267
-7,94328;-0,187382;1,58002e-10;6,31277e-11;0,00320413;0,187382;0,0170995
-7,94328;-0,231013;2,45529e-10;1,31124e-10;0,00402027;0,231013;0,0174028
-7,94328;-0,284804;3,72349e-10;1,38863e-10;0,00502683;0,284804;0,0176502
-7,94328;-0,351119;5,76959e-10;2,20876e-10;0,00626849;0,351119;0,0178529
-7,94328;-0,432876;8,84806e-10;3,49484e-10;0,00780067;0,432876;0,0180206
-7,94328;-0,53367;1,34065e-09;7,14291e-10;0,00969225;0,53367;0,0181615
-7,94328;-0,657933;2,03369e-09;1,29749e-09;0,0120292;0,657933;0,0182834
-7,94328;-0,811131;3,13307e-09;1,97108e-09;0,0149198;0,811131;0,0183938
-7,94328;-1;4,77635e-09;3,20537e-09;0,018501;1;0,018501
-7,94328;-1,23285;7,18414e-09;4,45689e-09;0,0229496;1,23285;0,0186151
-7,94328;-1,51991;1,10339e-08;4,75709e-09;0,0284969;1,51991;0,0187491
-7,94328;-1,87382;1,6886e-08;8,21075e-09;0,0354553;1,87382;0,0189214
-7,94328;-2,31013;2,52164e-08;2,0746e-08;0,0442608;2,31013;0,0191595
-7,94328;-2,84804;3,9042e-08;4,04018e-08;0,0555504;2,84804;0,0195048
-7,94328;-3,51119;5,9767e-08;3,82332e-08;0,0703055;3,51119;0,0200233
-7,94328;-4,32876;9,02596e-08;1,62637e-07;0,0901336;4,32876;0,020822
-7,94328;-5,3367;1,36013e-07;3,20132e-07;0,117847;5,3367;0,0220824
-7,94328;-6,57933;2,07756e-07;4,614e-07;0,15873;6,57933;0,0241255
-7,94328;-8,11131;3,13362e-07;4,21169e-07;0,22349;8,11131;0,0275529
-7,94328;-10;4,7673e-07;3,83983e-07;0,335701;10;0,0335701
-7,94328;-12,3285;7,39048e-07;1,05241e-06;0,521861;12,3285;0,0423297
-7,94328;-15,1991;1,10006e-06;1,21782e-06;0,629113;15,1991;0,0413914
-7,94328;-18,7382;1,68893e-06;9,50243e-07;0,682688;18,7382;0,036433
-7,94328;-23,1013;2,54943e-06;2,23068e-06;0,722773;23,1013;0,0312871
-7,94328;-28,4804;3,79429e-06;1,84115e-06;0,758939;28,4804;0,0266478
-7,94328;-35,1119;5,50362e-06;4,12088e-06;0,794733;35,1119;0,0226343
-7,94328;-43,2876;7,85132e-06;4,34317e-06;0,835221;43,2876;0,0192947
-7,94328;-53,367;1,12474e-05;7,06424e-06;0,883003;53,367;0,0165459
-7,94328;-65,7933;1,59459e-05;1,06745e-05;0,939687;65,7933;0,0142824
-7,94328;-81,1131;2,29728e-05;1,43578e-05;1,00701;81,1131;0,0124149
-7,94328;-100;3,33356e-05;2,05192e-05;1,08689;100;0,0108689
-6,30957;-0,1;4,2762e-11;1,74599e-11;0,00157024;0,1;0,0157024
-6,30957;-0,123285;6,62524e-11;3,76501e-11;0,00200556;0,123285;0,0162677
-6,30957;-0,151991;1,02977e-10;3,90319e-11;0,00254231;0,151991;0,0167267
-6,30957;-0,187382;1,58002e-10;6,31277e-11;0,00320413;0,187382;0,0170995
-6,30957;-0,231013;2,45529e-10;1,31124e-10;0,00402027;0,231013;0,0174028
-6,30957;-0,284804;3,72349e-10;1,38863e-10;0,00502683;0,284804;0,0176502
-6,30957;-0,351119;5,76959e-10;2,20876e-10;0,00626849;0,351119;0,0178529
-6,30957;-0,432876;8,84806e-10;3,49484e-10;0,00780067;0,432876;0,0180206
-6,30957;-0,53367;1,34065e-09;7,14291e-10;0,00969225;0,53367;0,0181615
-6,30957;-0,657933;2,03369e-09;1,29749e-09;0,0120292;0,657933;0,0182834
-6,30957;-0,811131;3,13307e-09;1,97108e-09;0,0149198;0,811131;0,0183938
-6,30957;-1;4,77635e-09;3,20537e-09;0,018501;1;0,018501
-6,30957;-1,23285;7,18414e-09;4,45689e-09;0,0229496;1,23285;0,0186151
-6,30957;-1,51991;1,10339e-08;4,75709e-09;0,0284969;1,51991;0,0187491
-6,30957;-1,87382;1,6886e-08;8,21075e-09;0,0354553;1,87382;0,0189214
-6,30957;-2,31013;2,52164e-08;2,0746e-08;0,0442608;2,31013;0,0191595
-6,30957;-2,84804;3,9042e-08;4,04018e-08;0,0555504;2,84804;0,0195048
-6,30957;-3,51119;5,9767e-08;3,82332e-08;0,0703055;3,51119;0,0200233
-6,30957;-4,32876;9,02596e-08;1,62637e-07;0,0901336;4,32876;0,020822
-6,30957;-5,3367;1,36013e-07;3,20132e-07;0,117847;5,3367;0,0220824
-6,30957;-6,57933;2,07756e-07;4,614e-07;0,15873;6,57933;0,0241255
-6,30957;-8,11131;3,13362e-07;4,21169e-07;0,22349;8,11131;0,0275529
-6,30957;-10;4,7673e-07;3,83983e-07;0,335701;10;0,0335701
-6,30957;-12,3285;7,39048e-07;1,05241e-06;0,521861;12,3285;0,0423297
-6,30957;-15,1991;1,10006e-06;1,21782e-06;0,629113;15,1991;0,0413914
-6,30957;-18,7382;1,68893e-06;9,50243e-07;0,682688;18,7382;0,036433
-6,30957;-23,1013;2,54943e-06;2,23068e-06;0,722773;23,1013;0,0312871
-6,30957;-28,4804;3,79429e-06;1,84114e-06;0,758939;28,4804;0,0266478
-6,30957;-35,1119;5,50362e-06;4,12088e-06;0,794733;35,1119;0,0226343
-6,30957;-43,2876;7,85132e-06;4,34317e-06;0,835221;43,2876;0,0192947
-6,30957;-53,367;1,12474e-05;7,06425e-06;0,883003;53,367;0,0165459
-6,30957;-65,7933;1,59459e-05;1,06745e-05;0,939687;65,7933;0,0142824
-6,30957;-81,1131;2,29728e-05;1,43578e-05;1,00701;81,1131;0,0124149
-6,30957;-100;3,33356e-05;2,05192e-05;1,08689;100;0,0108689
-5,01187;-0,1;4,2762e-11;1,74599e-11;0,00157024;0,1;0,0157024
-5,01187;-0,123285;6,62524e-11;3,76501e-11;0,00200556;0,123285;0,0162677
-5,01187;-0,151991;1,02977e-10;3,90319e-11;0,00254231;0,151991;0,0167267
-5,01187;-0,187382;1,58002e-10;6,31277e-11;0,00320413;0,187382;0,0170995
-5,01187;-0,231013;2,45529e-10;1,31124e-10;0,00402027;0,231013;0,0174028
-5,01187;-0,284804;3,72349e-10;1,38863e-10;0,00502683;0,284804;0,0176502
-5,01187;-0,351119;5,76959e-10;2,20876e-10;0,00626849;0,351119;0,0178529
-5,01187;-0,432876;8,84806e-10;3,49484e-10;0,00780067;0,432876;0,0180206
-5,01187;-0,53367;1,34065e-09;7,14291e-10;0,00969225;0,53367;0,0181615
-5,01187;-0,657933;2,03369e-09;1,29749e-09;0,0120292;0,657933;0,0182834
-5,01187;-0,811131;3,13307e-09;1,97108e-09;0,0149198;0,811131;0,0183938
-5,01187;-1;4,77635e-09;3,20537e-09;0,018501;1;0,018501
-5,01187;-1,23285;7,18414e-09;4,45689e-09;0,0229496;1,23285;0,0186151
-5,01187;-1,51991;1,10339e-08;4,75709e-09;0,0284969;1,51991;0,0187491
-5,01187;-1,87382;1,6886e-08;8,21075e-09;0,0354553;1,87382;0,0189214
-5,01187;-2,31013;2,52164e-08;2,0746e-08;0,0442608;2,31013;0,0191595
-5,01187;-2,84804;3,9042e-08;4,04018e-08;0,0555504;2,84804;0,0195048
-5,01187;-3,51119;5,9767e-08;3,82332e-08;0,0703055;3,51119;0,0200233
-5,01187;-4,32876;9,02596e-08;1,62637e-07;0,0901336;4,32876;0,020822
-5,01187;-5,3367;1,36013e-07;3,20132e-07;0,117847;5,3367;0,0220824
-5,01187;-6,57933;2,07756e-07;4,614e-07;0,15873;6,57933;0,0241255
-5,01187;-8,11131;3,13362e-07;4,21169e-07;0,22349;8,11131;0,0275529
-5,01187;-10;4,7673e-07;3,83983e-07;0,335701;10;0,0335701
-5,01187;-12,3285;7,39048e-07;1,05241e-06;0,521861;12,3285;0,0423297
-5,01187;-15,1991;1,10006e-06;1,21782e-06;0,629113;15,1991;0,0413914
-5,01187;-18,7382;1,68893e-06;9,50243e-07;0,682688;18,7382;0,036433
-5,01187;-23,1013;2,54943e-06;2,23068e-06;0,722773;23,1013;0,0312871
-5,01187;-28,4804;3,79429e-06;1,84114e-06;0,758939;28,4804;0,0266478
-5,01187;-35,1119;5,50362e-06;4,12088e-06;0,794733;35,1119;0,0226343
-5,01187;-43,2876;7,85132e-06;4,34317e-06;0,835221;43,2876;0,0192947
-5,01187;-53,367;1,12474e-05;7,06424e-06;0,883003;53,367;0,0165459
-5,01187;-65,7933;1,59459e-05;1,06744e-05;0,939687;65,7933;0,0142824
-5,01187;-81,1131;2,29728e-05;1,43578e-05;1,00701;81,1131;0,0124149
-5,01187;-100;3,33356e-05;2,05192e-05;1,08689;100;0,0108689
-3,98107;-0,1;4,2762e-11;1,74599e-11;0,00157024;0,1;0,0157024
-3,98107;-0,123285;6,62524e-11;3,76501e-11;0,00200556;0,123285;0,0162677
-3,98107;-0,151991;1,02977e-10;3,90319e-11;0,00254231;0,151991;0,0167267
-3,98107;-0,187382;1,58002e-10;6,31277e-11;0,00320413;0,187382;0,0170995
-3,98107;-0,231013;2,45529e-10;1,31124e-10;0,00402027;0,231013;0,0174028
-3,98107;-0,284804;3,72349e-10;1,38863e-10;0,00502683;0,284804;0,0176502
-3,98107;-0,351119;5,76959e-10;2,20876e-10;0,00626849;0,351119;0,0178529
-3,98107;-0,432876;8,84806e-10;3,49484e-10;0,00780067;0,432876;0,0180206
-3,98107;-0,53367;1,34065e-09;7,14291e-10;0,00969225;0,53367;0,0181615
-3,98107;-0,657933;2,03369e-09;1,29749e-09;0,0120292;0,657933;0,0182834
-3,98107;-0,811131;3,13307e-09;1,97108e-09;0,0149198;0,811131;0,0183938
-3,98107;-1;4,77635e-09;3,20537e-09;0,018501;1;0,018501
-3,98107;-1,23285;7,18414e-09;4,45689e-09;0,0229496;1,23285;0,0186151
-3,98107;-1,51991;1,10339e-08;4,75709e-09;0,0284969;1,51991;0,0187491
-3,98107;-1,87382;1,6886e-08;8,21075e-09;0,0354553;1,87382;0,0189214
-3,98107;-2,31013;2,52164e-08;2,0746e-08;0,0442608;2,31013;0,0191595
-3,98107;-2,84804;3,9042e-08;4,04018e-08;0,0555504;2,84804;0,0195048
-3,98107;-3,51119;5,9767e-08;3,82332e-08;0,0703055;3,51119;0,0200233
-3,98107;-4,32876;9,02596e-08;1,62637e-07;0,0901336;4,32876;0,020822
-3,98107;-5,3367;1,36013e-07;3,20132e-07;0,117847;5,3367;0,0220824
-3,98107;-6,57933;2,07756e-07;4,614e-07;0,15873;6,57933;0,0241255
-3,98107;-8,11131;3,13362e-07;4,21169e-07;0,22349;8,11131;0,0275529
-3,98107;-10;4,7673e-07;3,83983e-07;0,335701;10;0,0335701
-3,98107;-12,3285;7,39048e-07;1,05241e-06;0,521861;12,3285;0,0423297
-3,98107;-15,1991;1,10006e-06;1,21782e-06;0,629113;15,1991;0,0413914
-3,98107;-18,7382;1,68893e-06;9,50243e-07;0,682688;18,7382;0,036433
-3,98107;-23,1013;2,54943e-06;2,23068e-06;0,722773;23,1013;0,0312871
-3,98107;-28,4804;3,79429e-06;1,84114e-06;0,758939;28,4804;0,0266478
-3,98107;-35,1119;5,50362e-06;4,12088e-06;0,794733;35,1119;0,0226343
-3,98107;-43,2876;7,85132e-06;4,34317e-06;0,835221;43,2876;0,0192947
-3,98107;-53,367;1,12474e-05;7,06424e-06;0,883003;53,367;0,0165459
-3,98107;-65,7933;1,59459e-05;1,06744e-05;0,939687;65,7933;0,0142824
-3,98107;-81,1131;2,29728e-05;1,43578e-05;1,00701;81,1131;0,0124149
-3,98107;-100;3,33356e-05;2,05192e-05;1,08689;100;0,0108689
-3,16228;-0,1;4,2762e-11;1,74599e-11;0,00157024;0,1;0,0157024
-3,16228;-0,123285;6,62524e-11;3,76501e-11;0,00200556;0,123285;0,0162677
-3,16228;-0,151991;1,02977e-10;3,90319e-11;0,00254231;0,151991;0,0167267
-3,16228;-0,187382;1,58002e-10;6,31277e-11;0,00320413;0,187382;0,0170995
-3,16228;-0,231013;2,45529e-10;1,31124e-10;0,00402027;0,231013;0,0174028
-3,16228;-0,284804;3,72349e-10;1,38863e-10;0,00502683;0,284804;0,0176502
-3,16228;-0,351119;5,76959e-10;2,20876e-10;0,00626849;0,351119;0,0178529
-3,16228;-0,432876;8,84806e-10;3,49484e-10;0,00780067;0,432876;0,0180206
-3,16228;-0,53367;1,34065e-09;7,14291e-10;0,00969225;0,53367;0,0181615
-3,16228;-0,657933;2,03369e-09;1,29749e-09;0,0120292;0,657933;0,0182834
-3,16228;-0,811131;3,13307e-09;1,97108e-09;0,0149198;0,811131;0,0183938
-3,16228;-1;4,77635e-09;3,20537e-09;0,018501;1;0,018501
-3,16228;-1,23285;7,18414e-09;4,45689e-09;0,0229496;1,23285;0,0186151
-3,16228;-1,51991;1,10339e-08;4,75709e-09;0,0284969;1,51991;0,0187491
-3,16228;-1,87382;1,6886e-08;8,21075e-09;0,0354553;1,87382;0,0189214
-3,16228;-2,31013;2,52164e-08;2,0746e-08;0,0442608;2,31013;0,0191595
-3,16228;-2,84804;3,9042e-08;4,04018e-08;0,0555504;2,84804;0,0195048
-3,16228;-3,51119;5,9767e-08;3,82332e-08;0,0703055;3,51119;0,0200233
-3,16228;-4,32876;9,02596e-08;1,62637e-07;0,0901336;4,32876;0,020822
-3,16228;-5,3367;1,36013e-07;3,20132e-07;0,117847;5,3367;0,0220824
-3,16228;-6,57933;2,07756e-07;4,614e-07;0,15873;6,57933;0,0241255
-3,16228;-8,11131;3,13362e-07;4,21169e-07;0,22349;8,11131;0,0275529
-3,16228;-10;4,7673e-07;3,83983e-07;0,335701;10;0,0335701
-3,16228;-12,3285;7,39048e-07;1,05241e-06;0,521861;12,3285;0,0423297
-3,16228;-15,1991;1,10006e-06;1,21782e-06;0,629113;15,1991;0,0413914
-3,16228;-18,7382;1,68893e-06;9,50243e-07;0,682688;18,7382;0,036433
-3,16228;-23,1013;2,54943e-06;2,23068e-06;0,722773;23,1013;0,0312871
-3,16228;-28,4804;3,79429e-06;1,84114e-06;0,758939;28,4804;0,0266478
-3,16228;-35,1119;5,50362e-06;4,12088e-06;0,794733;35,1119;0,0226343
-3,16228;-43,2876;7,85132e-06;4,34317e-06;0,835221;43,2876;0,0192947
-3,16228;-53,367;1,12474e-05;7,06424e-06;0,883003;53,367;0,0165459
-3,16228;-65,7933;1,59459e-05;1,06744e-05;0,939687;65,7933;0,0142824
-3,16228;-81,1131;2,29728e-05;1,43578e-05;1,00701;81,1131;0,0124149
-3,16228;-100;3,33356e-05;2,05192e-05;1,08689;100;0,0108689
-2,51189;-0,1;4,2762e-11;1,74599e-11;0,00157024;0,1;0,0157024
-2,51189;-0,123285;6,62524e-11;3,76501e-11;0,00200556;0,123285;0,0162677
-2,51189;-0,151991;1,02977e-10;3,90319e-11;0,00254231;0,151991;0,0167267
-2,51189;-0,187382;1,58002e-10;6,31277e-11;0,00320413;0,187382;0,0170995
-2,51189;-0,231013;2,45529e-10;1,31124e-10;0,00402027;0,231013;0,0174028
-2,51189;-0,284804;3,72349e-10;1,38863e-10;0,00502683;0,284804;0,0176502
-2,51189;-0,351119;5,76959e-10;2,20876e-10;0,00626849;0,351119;0,0178529
-2,51189;-0,432876;8,84806e-10;3,49484e-10;0,00780067;0,432876;0,0180206
-2,51189;-0,53367;1,34065e-09;7,14291e-10;0,00969225;0,53367;0,0181615
-2,51189;-0,657933;2,03369e-09;1,29749e-09;0,0120292;0,657933;0,0182834
-2,51189;-0,811131;3,13307e-09;1,97108e-09;0,0149198;0,811131;0,0183938
-2,51189;-1;4,77635e-09;3,20537e-09;0,018501;1;0,018501
-2,51189;-1,23285;7,18414e-09;4,45689e-09;0,0229496;1,23285;0,0186151
-2,51189;-1,51991;1,10339e-08;4,75709e-09;0,0284969;1,51991;0,0187491
-2,51189;-1,87382;1,6886e-08;8,21075e-09;0,0354553;1,87382;0,0189214
-2,51189;-2,31013;2,52164e-08;2,0746e-08;0,0442608;2,31013;0,0191595
-2,51189;-2,84804;3,9042e-08;4,04018e-08;0,0555504;2,84804;0,0195048
-2,51189;-3,51119;5,9767e-08;3,82332e-08;0,0703055;3,51119;0,0200233
-2,51189;-4,32876;9,02596e-08;1,62637e-07;0,0901336;4,32876;0,020822
-2,51189;-5,3367;1,36013e-07;3,20132e-07;0,117847;5,3367;0,0220824
-2,51189;-6,57933;2,07756e-07;4,614e-07;0,15873;6,57933;0,0241255
-2,51189;-8,11131;3,13362e-07;4,21169e-07;0,22349;8,11131;0,0275529
-2,51189;-10;4,7673e-07;3,83983e-07;0,335701;10;0,0335701
-2,51189;-12,3285;7,39048e-07;1,05241e-06;0,521861;12,3285;0,0423297
-2,51189;-15,1991;1,10006e-06;1,21782e-06;0,629113;15,1991;0,0413914
-2,51189;-18,7382;1,68893e-06;9,50243e-07;0,682688;18,7382;0,036433
-2,51189;-23,1013;2,54943e-06;2,23068e-06;0,722773;23,1013;0,0312871
-2,51189;-28,4804;3,79429e-06;1,84115e-06;0,758939;28,4804;0,0266478
-2,51189;-35,1119;5,50362e-06;4,12088e-06;0,794733;35,1119;0,0226343
-2,51189;-43,2876;7,85132e-06;4,34317e-06;0,835221;43,2876;0,0192947
-2,51189;-53,367;1,12474e-05;7,06426e-06;0,883003;53,367;0,0165459
-2,51189;-65,7933;1,59459e-05;1,06745e-05;0,939687;65,7933;0,0142824
-2,51189;-81,1131;2,29728e-05;1,43578e-05;1,00701;81,1131;0,0124149
-2,51189;-100;3,33356e-05;2,05192e-05;1,08689;100;0,0108689
-1,99526;-0,1;4,2762e-11;1,74599e-11;0,00157024;0,1;0,0157024
-1,99526;-0,123285;6,62524e-11;3,76501e-11;0,00200556;0,123285;0,0162677
-1,99526;-0,151991;1,02977e-10;3,90319e-11;0,00254231;0,151991;0,0167267
-1,99526;-0,187382;1,58002e-10;6,31277e-11;0,00320413;0,187382;0,0170995
-1,99526;-0,231013;2,45529e-10;1,31124e-10;0,00402027;0,231013;0,0174028
-1,99526;-0,284804;3,72349e-10;1,38863e-10;0,00502683;0,284804;0,0176502
-1,99526;-0,351119;5,76959e-10;2,20876e-10;0,00626849;0,351119;0,0178529
-1,99526;-0,432876;8,84806e-10;3,49484e-10;0,00780067;0,432876;0,0180206
-1,99526;-0,53367;1,34065e-09;7,14291e-10;0,00969225;0,53367;0,0181615
-1,99526;-0,657933;2,03369e-09;1,29749e-09;0,0120292;0,657933;0,0182834
-1,99526;-0,811131;3,13307e-09;1,97108e-09;0,0149198;0,811131;0,0183938
-1,99526;-1;4,77635e-09;3,20537e-09;0,018501;1;0,018501
-1,99526;-1,23285;7,18414e-09;4,45689e-09;0,0229496;1,23285;0,0186151
-1,99526;-1,51991;1,10339e-08;4,75709e-09;0,0284969;1,51991;0,0187491
-1,99526;-1,87382;1,6886e-08;8,21075e-09;0,0354553;1,87382;0,0189214
-1,99526;-2,31013;2,52164e-08;2,0746e-08;0,0442608;2,31013;0,0191595
-1,99526;-2,84804;3,9042e-08;4,04018e-08;0,0555504;2,84804;0,0195048
-1,99526;-3,51119;5,9767e-08;3,82332e-08;0,0703055;3,51119;0,0200233
-1,99526;-4,32876;9,02596e-08;1,62637e-07;0,0901336;4,32876;0,020822
-1,99526;-5,3367;1,36013e-07;3,20132e-07;0,117847;5,3367;0,0220824
-1,99526;-6,57933;2,07756e-07;4,614e-07;0,15873;6,57933;0,0241255
-1,99526;-8,11131;3,13362e-07;4,21169e-07;0,22349;8,11131;0,0275529
-1,99526;-10;4,7673e-07;3,83983e-07;0,335701;10;0,0335701
-1,99526;-12,3285;7,39048e-07;1,05241e-06;0,521861;12,3285;0,0423297
-1,99526;-15,1991;1,10006e-06;1,21782e-06;0,629113;15,1991;0,0413914
-1,99526;-18,7382;1,68893e-06;9,50243e-07;0,682688;18,7382;0,036433
-1,99526;-23,1013;2,54943e-06;2,23068e-06;0,722773;23,1013;0,0312871
-1,99526;-28,4804;3,79429e-06;1,84114e-06;0,758939;28,4804;0,0266478
-1,99526;-35,1119;5,50362e-06;4,12088e-06;0,794733;35,1119;0,0226343
-1,99526;-43,2876;7,85132e-06;4,34317e-06;0,835221;43,2876;0,0192947
-1,99526;-53,367;1,12474e-05;7,06426e-06;0,883003;53,367;0,0165459
-1,99526;-65,7933;1,59459e-05;1,06744e-05;0,939687;65,7933;0,0142824
-1,99526;-81,1131;2,29728e-05;1,43578e-05;1,00701;81,1131;0,0124149
-1,99526;-100;3,33356e-05;2,05192e-05;1,08689;100;0,0108689
-1,58489;-0,1;4,2762e-11;1,74599e-11;0,00157024;0,1;0,0157024
-1,58489;-0,123285;6,62524e-11;3,76501e-11;0,00200556;0,123285;0,0162677
-1,58489;-0,151991;1,02977e-10;3,90319e-11;0,00254231;0,151991;0,0167267
-1,58489;-0,187382;1,58002e-10;6,31277e-11;0,00320413;0,187382;0,0170995
-1,58489;-0,231013;2,45529e-10;1,31124e-10;0,00402027;0,231013;0,0174028
-1,58489;-0,284804;3,72349e-10;1,38863e-10;0,00502683;0,284804;0,0176502
-1,58489;-0,351119;5,76959e-10;2,20876e-10;0,00626849;0,351119;0,0178529
-1,58489;-0,432876;8,84806e-10;3,49484e-10;0,00780067;0,432876;0,0180206
-1,58489;-0,53367;1,34065e-09;7,14291e-10;0,00969225;0,53367;0,0181615
-1,58489;-0,657933;2,03369e-09;1,29749e-09;0,0120292;0,657933;0,0182834
-1,58489;-0,811131;3,13307e-09;1,97108e-09;0,0149198;0,811131;0,0183938
-1,58489;-1;4,77635e-09;3,20537e-09;0,018501;1;0,018501
-1,58489;-1,23285;7,18414e-09;4,45689e-09;0,0229496;1,23285;0,0186151
-1,58489;-1,51991;1,10339e-08;4,75709e-09;0,0284969;1,51991;0,0187491
-1,58489;-1,87382;1,6886e-08;8,21075e-09;0,0354553;1,87382;0,0189214
-1,58489;-2,31013;2,52164e-08;2,0746e-08;0,0442608;2,31013;0,0191595
-1,58489;-2,84804;3,9042e-08;4,04018e-08;0,0555504;2,84804;0,0195048
-1,58489;-3,51119;5,9767e-08;3,82332e-08;0,0703055;3,51119;0,0200233
-1,58489;-4,32876;9,02596e-08;1,62637e-07;0,0901336;4,32876;0,020822
-1,58489;-5,3367;1,36013e-07;3,20132e-07;0,117847;5,3367;0,0220824
-1,58489;-6,57933;2,07756e-07;4,614e-07;0,15873;6,57933;0,0241255
-1,58489;-8,11131;3,13362e-07;4,21169e-07;0,22349;8,11131;0,0275529
-1,58489;-10;4,7673e-07;3,83983e-07;0,335701;10;0,0335701
-1,58489;-12,3285;7,39048e-07;1,05241e-06;0,521861;12,3285;0,0423297
-1,58489;-15,1991;1,10006e-06;1,21782e-06;0,629113;15,1991;0,0413914
-1,58489;-18,7382;1,68893e-06;9,50243e-07;0,682688;18,7382;0,036433
-1,58489;-23,1013;2,54943e-06;2,23068e-06;0,722773;23,1013;0,0312871
-1,58489;-28,4804;3,79429e-06;1,84115e-06;0,758939;28,4804;0,0266478
-1,58489;-35,1119;5,50362e-06;4,12088e-06;0,794733;35,1119;0,0226343
-1,58489;-43,2876;7,85132e-06;4,34317e-06;0,835221;43,2876;0,0192947
-1,58489;-53,367;1,12474e-05;7,06421e-06;0,883003;53,367;0,0165459
-1,58489;-65,7933;1,59459e-05;1,06744e-05;0,939687;65,7933;0,0142824
-1,58489;-81,1131;2,29728e-05;1,43578e-05;1,00701;81,1131;0,0124149
-1,58489;-100;3,33356e-05;2,05192e-05;1,08689;100;0,0108689
-1,25893;-0,1;4,2762e-11;1,74599e-11;0,00157024;0,1;0,0157024
-1,25893;-0,123285;6,62524e-11;3,76501e-11;0,00200556;0,123285;0,0162677
-1,25893;-0,151991;1,02977e-10;3,90319e-11;0,00254231;0,151991;0,0167267
-1,25893;-0,187382;1,58002e-10;6,31277e-11;0,00320413;0,187382;0,0170995
-1,25893;-0,231013;2,45529e-10;1,31124e-10;0,00402027;0,231013;0,0174028
-1,25893;-0,284804;3,72349e-10;1,38863e-10;0,00502683;0,284804;0,0176502
-1,25893;-0,351119;5,76959e-10;2,20876e-10;0,00626849;0,351119;0,0178529
-1,25893;-0,432876;8,84806e-10;3,49484e-10;0,00780067;0,432876;0,0180206
-1,25893;-0,53367;1,34065e-09;7,14291e-10;0,00969225;0,53367;0,0181615
-1,25893;-0,657933;2,03369e-09;1,29749e-09;0,0120292;0,657933;0,0182834
-1,25893;-0,811131;3,13307e-09;1,97108e-09;0,0149198;0,811131;0,0183938
-1,25893;-1;4,77635e-09;3,20537e-09;0,018501;1;0,018501
-1,25893;-1,23285;7,18414e-09;4,45689e-09;0,0229496;1,23285;0,0186151
-1,25893;-1,51991;1,10339e-08;4,75709e-09;0,0284969;1,51991;0,0187491
-1,25893;-1,87382;1,6886e-08;8,21075e-09;0,0354553;1,87382;0,0189214
-1,25893;-2,31013;2,52164e-08;2,0746e-08;0,0442608;2,31013;0,0191595
-1,25893;-2,84804;3,9042e-08;4,04018e-08;0,0555504;2,84804;0,0195048
-1,25893;-3,51119;5,9767e-08;3,82332e-08;0,0703055;3,51119;0,0200233
-1,25893;-4,32876;9,02596e-08;1,62637e-07;0,0901336;4,32876;0,020822
-1,25893;-5,3367;1,36013e-07;3,20132e-07;0,117847;5,3367;0,0220824
-1,25893;-6,57933;2,07756e-07;4,614e-07;0,15873;6,57933;0,0241255
-1,25893;-8,11131;3,13362e-07;4,21169e-07;0,22349;8,11131;0,0275529
-1,25893;-10;4,7673e-07;3,83983e-07;0,335701;10;0,0335701
-1,25893;-12,3285;7,39048e-07;1,05241e-06;0,521861;12,3285;0,0423297
-1,25893;-15,1991;1,10006e-06;1,21782e-06;0,629113;15,1991;0,0413914
-1,25893;-18,7382;1,68893e-06;9,50243e-07;0,682688;18,7382;0,036433
-1,25893;-23,1013;2,54943e-06;2,23068e-06;0,722773;23,1013;0,0312871
-1,25893;-28,4804;3,79429e-06;1,84114e-06;0,758939;28,4804;0,0266478
-1,25893;-35,1119;5,50362e-06;4,12088e-06;0,794733;35,1119;0,0226343
-1,25893;-43,2876;7,85132e-06;4,34317e-06;0,835221;43,2876;0,0192947
-1,25893;-53,367;1,12474e-05;7,06421e-06;0,883003;53,367;0,0165459
-1,25893;-65,7933;1,59459e-05;1,06745e-05;0,939687;65,7933;0,0142824
-1,25893;-81,1131;2,29728e-05;1,43578e-05;1,00701;81,1131;0,0124149
-1,25893;-100;3,33356e-05;2,05192e-05;1,08689;100;0,0108689
-1;-0,1;4,2762e-11;1,74599e-11;0,00157024;0,1;0,0157024
-1;-0,123285;6,62524e-11;3,76501e-11;0,00200556;0,123285;0,0162677
-1;-0,151991;1,02977e-10;3,90319e-11;0,00254231;0,151991;0,0167267
-1;-0,187382;1,58002e-10;6,31277e-11;0,00320413;0,187382;0,0170995
-1;-0,231013;2,45529e-10;1,31124e-10;0,00402027;0,231013;0,0174028
-1;-0,284804;3,72349e-10;1,38863e-10;0,00502683;0,284804;0,0176502
-1;-0,351119;5,76959e-10;2,20876e-10;0,00626849;0,351119;0,0178529
-1;-0,432876;8,84806e-10;3,49484e-10;0,00780067;0,432876;0,0180206
-1;-0,53367;1,34065e-09;7,14291e-10;0,00969225;0,53367;0,0181615
-1;-0,657933;2,03369e-09;1,29749e-09;0,0120292;0,657933;0,0182834
-1;-0,811131;3,13307e-09;1,97108e-09;0,0149198;0,811131;0,0183938
-1;-1;4,77635e-09;3,20537e-09;0,018501;1;0,018501
-1;-1,23285;7,18414e-09;4,45689e-09;0,0229496;1,23285;0,0186151
-1;-1,51991;1,10339e-08;4,75709e-09;0,0284969;1,51991;0,0187491
-1;-1,87382;1,6886e-08;8,21075e-09;0,0354553;1,87382;0,0189214
-1;-2,31013;2,52164e-08;2,0746e-08;0,0442608;2,31013;0,0191595
-1;-2,84804;3,9042e-08;4,04018e-08;0,0555504;2,84804;0,0195048
-1;-3,51119;5,9767e-08;3,82332e-08;0,0703055;3,51119;0,0200233
-1;-4,32876;9,02596e-08;1,62637e-07;0,0901336;4,32876;0,020822
-1;-5,3367;1,36013e-07;3,20132e-07;0,117847;5,3367;0,0220824
-1;-6,57933;2,07756e-07;4,614e-07;0,15873;6,57933;0,0241255
-1;-8,11131;3,13362e-07;4,21169e-07;0,22349;8,11131;0,0275529
-1;-10;4,7673e-07;3,83983e-07;0,335701;10;0,0335701
-1;-12,3285;7,39048e-07;1,05241e-06;0,521861;12,3285;0,0423297
-1;-15,1991;1,10006e-06;1,21782e-06;0,629113;15,1991;0,0413914
-1;-18,7382;1,68893e-06;9,50243e-07;0,682688;18,7382;0,036433
-1;-23,1013;2,54943e-06;2,23068e-06;0,722773;23,1013;0,0312871
-1;-28,4804;3,79429e-06;1,84115e-06;0,758939;28,4804;0,0266478
-1;-35,1119;5,50362e-06;4,12088e-06;0,794733;35,1119;0,0226343
-1;-43,2876;7,85132e-06;4,34317e-06;0,835221;43,2876;0,0192947
-1;-53,367;1,12474e-05;7,06423e-06;0,883003;53,367;0,0165459
-1;-65,7933;1,59459e-05;1,06745e-05;0,939687;65,7933;0,0142824
-1;-81,1131;2,29728e-05;1,43578e-05;1,00701;81,1131;0,0124149
-1;-100;3,33356e-05;2,05192e-05;1,08689;100;0,0108689
1;0,1;3,66438e-09;1,58876e-07;0,000576649;0,1;0
1;0,123285;4,17342e-09;1,62031e-07;0,000710921;0,123285;0
1;0,151991;4,37338e-09;1,65635e-07;0,000876459;0,151991;0
1;0,187382;4,54083e-09;1,69594e-07;0,00108054;0,187382;0
1;0,231013;3,25661e-09;1,74016e-07;0,00133215;0,231013;0
1;0,284804;3,07177e-09;1,78782e-07;0,00164235;0,284804;0
1;0,351119;9,87728e-11;1,84001e-07;0,00202477;0,351119;0
1;0,432876;3,97129e-09;1,89507e-07;0,00249625;0,432876;0
1;0,53367;9,34029e-09;1,96075e-07;0,00307753;0,53367;0
1;0,657933;1,66387e-08;2,02064e-07;0,00379417;0,657933;0
1;0,811131;3,17077e-08;2,10116e-07;0,0046777;0,811131;0
1;1;4,86669e-08;2,17557e-07;0,00576699;1;0
1;1,23285;7,45117e-08;2,27326e-07;0,00710997;1,23285;0
1;1,51991;1,13268e-07;2,39858e-07;0,00876575;1,51991;0
1;1,87382;1,63599e-07;2,56437e-07;0,0108072;1,87382;0
1;2,31013;2,38899e-07;2,81446e-07;0,0133242;2,31013;0
1;2,84804;3,54727e-07;3,16596e-07;0,0164275;2,84804;0
1;3,51119;5,07497e-07;3,68322e-07;0,0202539;3,51119;0
1;4,32876;7,43793e-07;4,42883e-07;0,024972;4,32876;0
1;5,3367;1,09206e-06;5,49486e-07;0,0307896;5,3367;0
1;6,57933;1,67758e-06;6,98819e-07;0,0379635;6,57933;0
1;8,11131;2,42449e-06;9,0731e-07;0,0468102;8,11131;0
1;10;3,55108e-06;1,19768e-06;0,0577204;10;0
1;12,3285;5,34167e-06;1,60414e-06;0,0711765;12,3285;0
1;15,1991;8,01327e-06;2,17766e-06;0,0877743;15,1991;0
1;18,7382;1,1978e-05;2,9937e-06;0,10825;18,7382;0
1;23,1013;1,81096e-05;4,14588e-06;0,133512;23,1013;0
1;28,4804;2,75882e-05;5,77787e-06;0,164687;28,4804;0
1;35,1119;4,18103e-05;8,10093e-06;0,203167;35,1119;0
1;43,2876;6,2062e-05;1,14604e-05;0,250676;43,2876;0
1;53,367;9,15688e-05;1,62472e-05;0,309356;53,367;0
1;65,7933;0,000139967;2,2992e-05;0,381864;65,7933;0
1;81,1131;0,000219213;3,22476e-05;0,471512;81,1131;0
1;100;0,00031402;4,56305e-05;0,582433;100;0
1,25893;0,1;1,91256e-09;2,0647e-07;0,000576649;0,1;0
1,25893;0,123285;1,96829e-09;2,09759e-07;0,000710921;0,123285;0
1,25893;0,151991;2,03068e-09;2,13549e-07;0,000876459;0,151991;0
1,25893;0,187382;2,30947e-09;2,17835e-07;0,00108054;0,187382;0
1,25893;0,231013;6,08627e-10;2,22688e-07;0,00133215;0,231013;0
1,25893;0,284804;1,03246e-09;2,2795e-07;0,00164235;0,284804;0
1,25893;0,351119;2,95216e-09;2,33536e-07;0,00202477;0,351119;0
1,25893;0,432876;6,67379e-09;2,39756e-07;0,00249625;0,432876;0
1,25893;0,53367;1,21856e-08;2,46312e-07;0,00307753;0,53367;0
1,25893;0,657933;2,27227e-08;2,53564e-07;0,00379417;0,657933;0
1,25893;0,811131;3,92892e-08;2,62309e-07;0,0046777;0,811131;0
1,25893;1;5,83439e-08;2,71099e-07;0,00576699;1;0
1,25893;1,23285;8,61683e-08;2,81445e-07;0,00710997;1,23285;0
1,25893;1,51991;1,28397e-07;2,95665e-07;0,00876575;1,51991;0
1,25893;1,87382;1,85252e-07;3,13437e-07;0,0108072;1,87382;0
1,25893;2,31013;2,59586e-07;3,41025e-07;0,0133242;2,31013;0
1,25893;2,84804;3,76299e-07;3,80462e-07;0,0164275;2,84804;0
1,25893;3,51119;5,43525e-07;4,38876e-07;0,0202539;3,51119;0
1,25893;4,32876;7,93797e-07;5,23722e-07;0,024972;4,32876;0
1,25893;5,3367;1,14746e-06;6,43717e-07;0,0307896;5,3367;0
1,25893;6,57933;1,67994e-06;8,1111e-07;0,0379635;6,57933;0
1,25893;8,11131;2,4733e-06;1,04217e-06;0,0468102;8,11131;0
1,25893;10;3,70875e-06;1,36192e-06;0,0577204;10;0
1,25893;12,3285;5,46113e-06;1,80588e-06;0,0711765;12,3285;0
1,25893;15,1991;7,92682e-06;2,42726e-06;0,0877743;15,1991;0
1,25893;18,7382;1,23409e-05;3,303e-06;0,10825;18,7382;0
1,25893;23,1013;1,82316e-05;4,54198e-06;0,133512;23,1013;0
1,25893;28,4804;2,70406e-05;6,29073e-06;0,164687;28,4804;0
1,25893;35,1119;4,05489e-05;8,77802e-06;0,203167;35,1119;0
1,25893;43,2876;6,462e-05;1,22428e-05;0,250676;43,2876;0
1,25893;53,367;9,10056e-05;1,73391e-05;0,309356;53,367;0
1,25893;65,7933;0,000138568;2,43955e-05;0,381864;65,7933;0
1,25893;81,1131;0,000220587;3,41914e-05;0,471512;81,1131;0
1,25893;100;0,000330687;4,79561e-05;0,582433;100;0
1,58489;0,1;2,37492e-10;2,73657e-07;0,000576649;0,1;0
1,58489;0,123285;9,66801e-11;2,77387e-07;0,000710921;0,123285;0
1,58489;0,151991;3,69982e-10;2,81469e-07;0,000876459;0,151991;0
1,58489;0,187382;1,76525e-09;2,85998e-07;0,00108054;0,187382;0
1,58489;0,231013;2,30746e-09;2,91093e-07;0,00133215;0,231013;0
1,58489;0,284804;6,07247e-09;2,96663e-07;0,00164235;0,284804;0
1,58489;0,351119;8,75868e-09;3,03074e-07;0,00202477;0,351119;0
1,58489;0,432876;1,44832e-08;3,09712e-07;0,00249625;0,432876;0
1,58489;0,53367;2,04527e-08;3,17021e-07;0,00307753;0,53367;0
1,58489;0,657933;3,17124e-08;3,25363e-07;0,00379417;0,657933;0
1,58489;0,811131;4,71143e-08;3,33518e-07;0,0046777;0,811131;0
1,58489;1;6,94275e-08;3,4423e-07;0,00576699;1;0
1,58489;1,23285;1,0217e-07;3,56846e-07;0,00710997;1,23285;0
1,58489;1,51991;1,42386e-07;3,7205e-07;0,00876575;1,51991;0
1,58489;1,87382;2,08753e-07;3,92136e-07;0,0108072;1,87382;0
1,58489;2,31013;2,96033e-07;4,22961e-07;0,0133242;2,31013;0
1,58489;2,84804;4,20701e-07;4,6806e-07;0,0164275;2,84804;0
1,58489;3,51119;5,96355e-07;5,36044e-07;0,0202539;3,51119;0
1,58489;4,32876;8,57785e-07;6,34758e-07;0,024972;4,32876;0
1,58489;5,3367;1,22967e-06;7,74028e-07;0,0307896;5,3367;0
1,58489;6,57933;1,81873e-06;9,65646e-07;0,0379635;6,57933;0
1,58489;8,11131;2,59166e-06;1,22812e-06;0,0468102;8,11131;0
1,58489;10;3,86402e-06;1,58685e-06;0,0577204;10;0
1,58489;12,3285;5,70785e-06;2,08107e-06;0,0711765;12,3285;0
1,58489;15,1991;8,51051e-06;2,76829e-06;0,0877743;15,1991;0
1,58489;18,7382;1,25027e-05;3,72763e-06;0,10825;18,7382;0
1,58489;23,1013;1,82555e-05;5,07712e-06;0,133512;23,1013;0
1,58489;28,4804;2,76853e-05;6,96429e-06;0,164687;28,4804;0
1,58489;35,1119;4,31265e-05;9,6161e-06;0,203167;35,1119;0
1,58489;43,2876;6,15942e-05;1,34068e-05;0,250676;43,2876;0
1,58489;53,367;9,78287e-05;1,86597e-05;0,309356;53,367;0
1,58489;65,7933;0,000147328;2,61548e-05;0,381864;65,7933;0
1,58489;81,1131;0,000211178;3,68948e-05;0,471512;81,1131;0
1,58489;100;0,000320258;5,16483e-05;0,582433;100;0
1,99526;0,1;2,36405e-09;3,69223e-07;0,000576649;0,1;0
1,99526;0,123285;3,39914e-09;3,73379e-07;0,000710921;0,123285;0
1,99526;0,151991;4,46394e-09;3,7786e-07;0,000876459;0,151991;0
1,99526;0,187382;6,43457e-09;3,82664e-07;0,00108054;0,187382;0
1,99526;0,231013;8,87423e-09;3,88082e-07;0,00133215;0,231013;0
1,99526;0,284804;1,21231e-08;3,94344e-07;0,00164235;0,284804;0
1,99526;0,351119;1,61651e-08;4,0108e-07;0,00202477;0,351119;0
1,99526;0,432876;2,34503e-08;4,08711e-07;0,00249625;0,432876;0
1,99526;0,53367;3,25398e-08;4,16994e-07;0,00307753;0,53367;0
1,99526;0,657933;4,57415e-08;4,25641e-07;0,00379417;0,657933;0
1,99526;0,811131;6,33413e-08;4,36177e-07;0,0046777;0,811131;0
1,99526;1;8,91422e-08;4,4662e-07;0,00576699;1;0
1,99526;1,23285;1,29727e-07;4,61556e-07;0,00710997;1,23285;0
1,99526;1,51991;1,78424e-07;4,77561e-07;0,00876575;1,51991;0
1,99526;1,87382;2,48308e-07;5,00829e-07;0,0108072;1,87382;0
1,99526;2,31013;3,4091e-07;5,36944e-07;0,0133242;2,31013;0
1,99526;2,84804;4,84596e-07;5,89771e-07;0,0164275;2,84804;0
1,99526;3,51119;6,74789e-07;6,71532e-07;0,0202539;3,51119;0
1,99526;4,32876;9,71047e-07;7,89496e-07;0,024972;4,32876;0
1,99526;5,3367;1,35927e-06;9,55247e-07;0,0307896;5,3367;0
1,99526;6,57933;1,95533e-06;1,18174e-06;0,0379635;6,57933;0
1,99526;8,11131;2,78169e-06;1,48728e-06;0,0468102;8,11131;0
1,99526;10;4,03258e-06;1,90063e-06;0,0577204;10;0
1,99526;12,3285;5,91053e-06;2,46347e-06;0,0711765;12,3285;0
1,99526;15,1991;8,70417e-06;3,23707e-06;0,0877743;15,1991;0
1,99526;18,7382;1,28925e-05;4,31003e-06;0,10825;18,7382;0
1,99526;23,1013;1,92583e-05;5,80084e-06;0,133512;23,1013;0
1,99526;28,4804;2,90864e-05;7,86189e-06;0,164687;28,4804;0
1,99526;35,1119;4,23255e-05;1,08037e-05;0,203167;35,1119;0
1,99526;43,2876;6,30258e-05;1,49144e-05;0,250676;43,2876;0
1,99526;53,367;9,48562e-05;2,06913e-05;0,309356;53,367;0
1,99526;65,7933;0,000143893;2,88179e-05;0,381864;65,7933;0
1,99526;81,1131;0,000219108;4,01908e-05;0,471512;81,1131;0
1,99526;100;0,0003397;5,58156e-05;0,582433;100;0
2,51189;0,1;5,8159e-09;5,05863e-07;0,000576649;0,1;0
2,51189;0,123285;7,64333e-09;5,1011e-07;0,000710921;0,123285;0
2,51189;0,151991;9,84058e-09;5,14759e-07;0,000876459;0,151991;0
2,51189;0,187382;1,29959e-08;5,20229e-07;0,00108054;0,187382;0
2,51189;0,231013;1,66951e-08;5,26067e-07;0,00133215;0,231013;0
2,51189;0,284804;2,09899e-08;5,32751e-07;0,00164235;0,284804;0
2,51189;0,351119;2,84249e-08;5,40292e-07;0,00202477;0,351119;0
2,51189;0,432876;3,69163e-08;5,48512e-07;0,00249625;0,432876;0
2,51189;0,53367;5,04375e-08;5,57572e-07;0,00307753;0,53367;0
2,51189;0,657933;6,72963e-08;5,675e-07;0,00379417;0,657933;0
2,51189;0,811131;9,01956e-08;5,78483e-07;0,0046777;0,811131;0
2,51189;1;1,19286e-07;5,91135e-07;0,00576699;1;0
2,51189;1,23285;1,65926e-07;6,05507e-07;0,00710997;1,23285;0
2,51189;1,51991;2,20398e-07;6,27517e-07;0,00876575;1,51991;0
2,51189;1,87382;3,09344e-07;6,51919e-07;0,0108072;1,87382;0
2,51189;2,31013;4,11068e-07;6,92979e-07;0,0133242;2,31013;0
2,51189;2,84804;5,74416e-07;7,59121e-07;0,0164275;2,84804;0
2,51189;3,51119;8,02563e-07;8,59715e-07;0,0202539;3,51119;0
2,51189;4,32876;1,08566e-06;1,0061e-06;0,024972;4,32876;0
2,51189;5,3367;1,52629e-06;1,21031e-06;0,0307896;5,3367;0
2,51189;6,57933;2,16203e-06;1,4861e-06;0,0379635;6,57933;0
2,51189;8,11131;3,04255e-06;1,85293e-06;0,0468102;8,11131;0
2,51189;10;4,39215e-06;2,34166e-06;0,0577204;10;0
2,51189;12,3285;6,31637e-06;3,00025e-06;0,0711765;12,3285;0
2,51189;15,1991;9,20664e-06;3,89263e-06;0,0877743;15,1991;0
2,51189;18,7382;1,31148e-05;5,11116e-06;0,10825;18,7382;0
2,51189;23,1013;2,01108e-05;6,81242e-06;0,133512;23,1013;0
2,51189;28,4804;2,99497e-05;9,139e-06;0,164687;28,4804;0
2,51189;35,1119;4,44324e-05;1,24142e-05;0,203167;35,1119;0
2,51189;43,2876;6,33411e-05;1,69512e-05;0,250676;43,2876;0
2,51189;53,367;9,49827e-05;2,32979e-05;0,309356;53,367;0
2,51189;65,7933;0,000147138;3,21094e-05;0,381864;65,7933;0
2,51189;81,1131;0,000227281;4,43619e-05;0,471512;81,1131;0
2,51189;100;0,000335474;6,17864e-05;0,582433;100;0
3,16228;0,1;1,11289e-08;7,00364e-07;0,000576649;0,1;0
3,16228;0,123285;1,38431e-08;7,05018e-07;0,000710921;0,123285;0
3,16228;0,151991;1,7455e-08;7,10188e-07;0,000876459;0,151991;0
3,16228;0,187382;2,21514e-08;7,15627e-07;0,00108054;0,187382;0
3,16228;0,231013;2,80138e-08;7,22543e-07;0,00133215;0,231013;0
3,16228;0,284804;3,61161e-08;7,29774e-07;0,00164235;0,284804;0
3,16228;0,351119;4,57397e-08;7,37654e-07;0,00202477;0,351119;0
3,16228;0,432876;5,93357e-08;7,47218e-07;0,00249625;0,432876;0
3,16228;0,53367;7,54947e-08;7,56763e-07;0,00307753;0,53367;0
3,16228;0,657933;9,83368e-08;7,67623e-07;0,00379417;0,657933;0
3,16228;0,811131;1,28782e-07;7,79755e-07;0,0046777;0,811131;0
3,16228;1;1,67945e-07;7,94154e-07;0,00576699;1;0
3,16228;1,23285;2,23774e-07;8,13264e-07;0,00710997;1,23285;0
3,16228;1,51991;2,90977e-07;8,36289e-07;0,00876575;1,51991;0
3,16228;1,87382;3,91071e-07;8,63177e-07;0,0108072;1,87382;0
3,16228;2,31013;5,23587e-07;9,1352e-07;0,0133242;2,31013;0
3,16228;2,84804;6,98813e-07;9,93565e-07;0,0164275;2,84804;0
3,16228;3,51119;9,73363e-07;1,12216e-06;0,0202539;3,51119;0
3,16228;4,32876;1,29205e-06;1,31184e-06;0,024972;4,32876;0
3,16228;5,3367;1,78885e-06;1,57094e-06;0,0307896;5,3367;0
3,16228;6,57933;2,46723e-06;1,91697e-06;0,0379635;6,57933;0
3,16228;8,11131;3,44183e-06;2,3698e-06;0,0468102;8,11131;0
3,16228;10;5,02834e-06;2,96557e-06;0,0577204;10;0
3,16228;12,3285;7,00549e-06;3,75804e-06;0,0711765;12,3285;0
3,16228;15,1991;9,97106e-06;4,8189e-06;0,0877743;15,1991;0
3,16228;18,7382;1,43414e-05;6,26147e-06;0,10825;18,7382;0
3,16228;23,1013;2,14507e-05;8,21288e-06;0,133512;23,1013;0
3,16228;28,4804;3,1447e-05;1,08947e-05;0,164687;28,4804;0
3,16228;35,1119;4,40224e-05;1,45937e-05;0,203167;35,1119;0
3,16228;43,2876;6,51379e-05;1,96802e-05;0,250676;43,2876;0
3,16228;53,367;9,88229e-05;2,67982e-05;0,309356;53,367;0
3,16228;65,7933;0,000146182;3,66834e-05;0,381864;65,7933;0
3,16228;81,1131;0,000226157;5,03798e-05;0,471512;81,1131;0
3,16228;100;0,000344383;6,90271e-05;0,582433;100;0
3,98107;0,1;1,85567e-08;9,78824e-07;0,000576649;0,1;0
3,98107;0,123285;2,25397e-08;9,82703e-07;0,000710921;0,123285;0
3,98107;0,151991;2,83211e-08;9,87315e-07;0,000876459;0,151991;0
3,98107;0,187382;3,52471e-08;9,93545e-07;0,00108054;0,187382;0
3,98107;0,231013;4,49867e-08;1,00081e-06;0,00133215;0,231013;0
3,98107;0,284804;5,58077e-08;1,00899e-06;0,00164235;0,284804;0
3,98107;0,351119;7,01946e-08;1,0178e-06;0,00202477;0,351119;0
3,98107;0,432876;8,96024e-08;1,02737e-06;0,00249625;0,432876;0
3,98107;0,53367;1,13919e-07;1,03811e-06;0,00307753;0,53367;0
3,98107;0,657933;1,44911e-07;1,05061e-06;0,00379417;0,657933;0
3,98107;0,811131;1,84412e-07;1,06387e-06;0,0046777;0,811131;0
3,98107;1;2,34955e-07;1,08014e-06;0,00576699;1;0
3,98107;1,23285;3,05939e-07;1,09946e-06;0,00710997;1,23285;0
3,98107;1,51991;3,98245e-07;1,12033e-06;0,00876575;1,51991;0
3,98107;1,87382;5,1919e-07;1,15662e-06;0,0108072;1,87382;0
3,98107;2,31013;6,8293e-07;1,21854e-06;0,0133242;2,31013;0
3,98107;2,84804;9,02614e-07;1,32153e-06;0,0164275;2,84804;0
3,98107;3,51119;1,19456e-06;1,49205e-06;0,0202539;3,51119;0
3,98107;4,32876;1,63474e-06;1,74223e-06;0,024972;4,32876;0
3,98107;5,3367;2,1515e-06;2,08107e-06;0,0307896;5,3367;0
3,98107;6,57933;2,97377e-06;2,52631e-06;0,0379635;6,57933;0
3,98107;8,11131;4,02326e-06;3,09559e-06;0,0468102;8,11131;0
3,98107;10;5,53487e-06;3,84219e-06;0,0577204;10;0
3,98107;12,3285;8,0345e-06;4,81479e-06;0,0711765;12,3285;0
3,98107;15,1991;1,1146e-05;6,1104e-06;0,0877743;15,1991;0
3,98107;18,7382;1,54558e-05;7,84206e-06;0,10825;18,7382;0
3,98107;23,1013;2,31923e-05;1,01725e-05;0,133512;23,1013;0
3,98107;28,4804;3,36015e-05;1,33247e-05;0,164687;28,4804;0
3,98107;35,1119;4,8898e-05;1,7621e-05;0,203167;35,1119;0
3,98107;43,2876;7,00553e-05;2,35168e-05;0,250676;43,2876;0
3,98107;53,367;0,000107456;3,153e-05;0,309356;53,367;0
3,98107;65,7933;0,00015444;4,26844e-05;0,381864;65,7933;0
3,98107;81,1131;0,000234097;5,80934e-05;0,471512;81,1131;0
3,98107;100;0,000357642;7,9009e-05;0,582433;100;0
5,01187;0,1;2,79659e-08;1,37183e-06;0,000576649;0,1;0
5,01187;0,123285;3,41721e-08;1,37702e-06;0,000710921;0,123285;0
5,01187;0,151991;4,2556e-08;1,38202e-06;0,000876459;0,151991;0
5,01187;0,187382;5,29528e-08;1,38774e-06;0,00108054;0,187382;0
5,01187;0,231013;6,5861e-08;1,39573e-06;0,00133215;0,231013;0
5,01187;0,284804;8,3289e-08;1,40335e-06;0,00164235;0,284804;0
5,01187;0,351119;1,03113e-07;1,4135e-06;0,00202477;0,351119;0
5,01187;0,432876;1,29441e-07;1,42376e-06;0,00249625;0,432876;0
5,01187;0,53367;1,63148e-07;1,43585e-06;0,00307753;0,53367;0
5,01187;0,657933;2,07927e-07;1,449e-06;0,00379417;0,657933;0
5,01187;0,811131;2,60957e-07;1,46513e-06;0,0046777;0,811131;0
5,01187;1;3,3199e-07;1,48063e-06;0,00576699;1;0
5,01187;1,23285;4,25193e-07;1,50181e-06;0,00710997;1,23285;0
5,01187;1,51991;5,3675e-07;1,5337e-06;0,00876575;1,51991;0
5,01187;1,87382;6,96284e-07;1,57812e-06;0,0108072;1,87382;0
5,01187;2,31013;9,02236e-07;1,6489e-06;0,0133242;2,31013;0
5,01187;2,84804;1,1704e-06;1,78061e-06;0,0164275;2,84804;0
5,01187;3,51119;1,52538e-06;2,00765e-06;0,0202539;3,51119;0
5,01187;4,32876;2,01423e-06;2,33717e-06;0,024972;4,32876;0
5,01187;5,3367;2,67677e-06;2,78203e-06;0,0307896;5,3367;0
5,01187;6,57933;3,65339e-06;3,35229e-06;0,0379635;6,57933;0
5,01187;8,11131;4,93574e-06;4,08658e-06;0,0468102;8,11131;0
5,01187;10;6,49708e-06;5,03482e-06;0,0577204;10;0
5,01187;12,3285;9,09042e-06;6,26122e-06;0,0711765;12,3285;0
5,01187;15,1991;1,26721e-05;7,86979e-06;0,0877743;15,1991;0
5,01187;18,7382;1,75988e-05;1,00013e-05;0,10825;18,7382;0
5,01187;23,1013;2,56242e-05;1,28156e-05;0,133512;23,1013;0
5,01187;28,4804;3,66545e-05;1,66138e-05;0,164687;28,4804;0
5,01187;35,1119;5,33549e-05;2,1705e-05;0,203167;35,1119;0
5,01187;43,2876;7,7442e-05;2,85683e-05;0,250676;43,2876;0
5,01187;53,367;0,000106888;3,79041e-05;0,309356;53,367;0
5,01187;65,7933;0,000161896;5,08354e-05;0,381864;65,7933;0
5,01187;81,1131;0,000239273;6,82953e-05;0,471512;81,1131;0
5,01187;100;0,000366801;9,19493e-05;0,582433;100;0
6,30957;0,1;4,00264e-08;1,9227e-06;0,000576649;0,1;0
6,30957;0,123285;4,98705e-08;1,93529e-06;0,000710921;0,123285;0
6,30957;0,151991;6,12302e-08;1,93853e-06;0,000876459;0,151991;0
6,30957;0,187382;7,67601e-08;1,94379e-06;0,00108054;0,187382;0
6,30957;0,231013;9,45921e-08;1,94985e-06;0,00133215;0,231013;0
6,30957;0,284804;1,18468e-07;1,95925e-06;0,00164235;0,284804;0
6,30957;0,351119;1,46431e-07;1,96977e-06;0,00202477;0,351119;0
6,30957;0,432876;1,83337e-07;1,98193e-06;0,00249625;0,432876;0
6,30957;0,53367;2,28491e-07;1,99408e-06;0,00307753;0,53367;0
6,30957;0,657933;2,86067e-07;2,00838e-06;0,00379417;0,657933;0
6,30957;0,811131;3,60912e-07;2,02524e-06;0,0046777;0,811131;0
6,30957;1;4,54985e-07;2,04333e-06;0,00576699;1;0
6,30957;1,23285;5,74826e-07;2,06671e-06;0,00710997;1,23285;0
6,30957;1,51991;7,26443e-07;2,09638e-06;0,00876575;1,51991;0
6,30957;1,87382;9,27293e-07;2,14126e-06;0,0108072;1,87382;0
6,30957;2,31013;1,18291e-06;2,2338e-06;0,0133242;2,31013;0
6,30957;2,84804;1,52856e-06;2,41803e-06;0,0164275;2,84804;0
6,30957;3,51119;1,97339e-06;2,71417e-06;0,0202539;3,51119;0
6,30957;4,32876;2,58938e-06;3,152e-06;0,024972;4,32876;0
6,30957;5,3367;3,37155e-06;3,72504e-06;0,0307896;5,3367;0
6,30957;6,57933;4,462e-06;4,46545e-06;0,0379635;6,57933;0
6,30957;8,11131;5,90723e-06;5,41051e-06;0,0468102;8,11131;0
6,30957;10;8,04984e-06;6,62078e-06;0,0577204;10;0
6,30957;12,3285;1,06821e-05;8,17904e-06;0,0711765;12,3285;0
6,30957;15,1991;1,4788e-05;1,01975e-05;0,0877743;15,1991;0
6,30957;18,7382;2,05286e-05;1,28506e-05;0,10825;18,7382;0
6,30957;23,1013;2,8861e-05;1,63224e-05;0,133512;23,1013;0
6,30957;28,4804;3,92017e-05;2,09334e-05;0,164687;28,4804;0
6,30957;35,1119;5,72518e-05;2,70988e-05;0,203167;35,1119;0
6,30957;43,2876;8,05891e-05;3,53313e-05;0,250676;43,2876;0
6,30957;53,367;0,000115304;4,63016e-05;0,309356;53,367;0
6,30957;65,7933;0,000176584;6,12605e-05;0,381864;65,7933;0
6,30957;81,1131;0,000260123;8,14215e-05;0,471512;81,1131;0
6,30957;100;0,000362559;0,000108823;0,582433;100;0
7,94328;0,1;5,55389e-08;2,6871e-06;0,000576649;0,1;0
7,94328;0,123285;6,87506e-08;2,71079e-06;0,000710921;0,123285;0
7,94328;0,151991;8,52499e-08;2,7221e-06;0,000876459;0,151991;0
7,94328;0,187382;1,05329e-07;2,72419e-06;0,00108054;0,187382;0
7,94328;0,231013;1,3063e-07;2,73049e-06;0,00133215;0,231013;0
7,94328;0,284804;1,61712e-07;2,73965e-06;0,00164235;0,284804;0
7,94328;0,351119;2,01704e-07;2,75106e-06;0,00202477;0,351119;0
7,94328;0,432876;2,50785e-07;2,76353e-06;0,00249625;0,432876;0
7,94328;0,53367;3,12266e-07;2,77713e-06;0,00307753;0,53367;0
7,94328;0,657933;3,89626e-07;2,79312e-06;0,00379417;0,657933;0
7,94328;0,811131;4,88265e-07;2,80976e-06;0,0046777;0,811131;0
7,94328;1;6,11174e-07;2,82869e-06;0,00576699;1;0
7,94328;1,23285;7,66672e-07;2,85459e-06;0,00710997;1,23285;0
7,94328;1,51991;9,64736e-07;2,8849e-06;0,00876575;1,51991;0
7,94328;1,87382;1,22046e-06;2,94057e-06;0,0108072;1,87382;0
7,94328;2,31013;1,55082e-06;3,05135e-06;0,0133242;2,31013;0
7,94328;2,84804;1,9922e-06;3,27703e-06;0,0164275;2,84804;0
7,94328;3,51119;2,54007e-06;3,66633e-06;0,0202539;3,51119;0
7,94328;4,32876;3,26491e-06;4,21397e-06;0,024972;4,32876;0
7,94328;5,3367;4,25315e-06;4,96016e-06;0,0307896;5,3367;0
7,94328;6,57933;5,53147e-06;5,90358e-06;0,0379635;6,57933;0
7,94328;8,11131;7,27033e-06;7,11591e-06;0,0468102;8,11131;0
7,94328;10;9,59076e-06;8,65304e-06;0,0577204;10;0
7,94328;12,3285;1,28479e-05;1,06224e-05;0,0711765;12,3285;0
7,94328;15,1991;1,75102e-05;1,31611e-05;0,0877743;15,1991;0
7,94328;18,7382;2,39521e-05;1,64633e-05;0,10825;18,7382;0
7,94328;23,1013;3,27242e-05;2,07756e-05;0,133512;23,1013;0
7,94328;28,4804;4,54351e-05;2,64231e-05;0,164687;28,4804;0
7,94328;35,1119;6,30542e-05;3,39053e-05;0,203167;35,1119;0
7,94328;43,2876;8,91615e-05;4,37919e-05;0,250676;43,2876;0
7,94328;53,367;0,000128682;5,69955e-05;0,309356;53,367;0
7,94328;65,7933;0,000187697;7,46779e-05;0,381864;65,7933;0
7,94328;81,1131;0,000279477;9,81297e-05;0,471512;81,1131;0
7,94328;100;0,000395809;0,000130472;0,582433;100;0
10;0,1;7,38639e-08;3,73342e-06;0,000576649;0,1;0
10;0,123285;9,14745e-08;3,78739e-06;0,000710921;0,123285;0
10;0,151991;1,13068e-07;3,8174e-06;0,000876459;0,151991;0
10;0,187382;1,40176e-07;3,82178e-06;0,00108054;0,187382;0
10;0,231013;1,73203e-07;3,82491e-06;0,00133215;0,231013;0
10;0,284804;2,15048e-07;3,83351e-06;0,00164235;0,284804;0
10;0,351119;2,6625e-07;3,8462e-06;0,00202477;0,351119;0
10;0,432876;3,30825e-07;3,85915e-06;0,00249625;0,432876;0
10;0,53367;4,11304e-07;3,87249e-06;0,00307753;0,53367;0
10;0,657933;5,11108e-07;3,88889e-06;0,00379417;0,657933;0
10;0,811131;6,38924e-07;3,90848e-06;0,0046777;0,811131;0
10;1;7,96106e-07;3,93051e-06;0,00576699;1;0
10;1,23285;1,00111e-06;3,95421e-06;0,00710997;1,23285;0
10;1,51991;1,25504e-06;3,98389e-06;0,00876575;1,51991;0
10;1,87382;1,58095e-06;4,0454e-06;0,0108072;1,87382;0
10;2,31013;2,00014e-06;4,16851e-06;0,0133242;2,31013;0
10;2,84804;2,53617e-06;4,42015e-06;0,0164275;2,84804;0
10;3,51119;3,21334e-06;4,92165e-06;0,0202539;3,51119;0
10;4,32876;4,11998e-06;5,62629e-06;0,024972;4,32876;0
10;5,3367;5,29733e-06;6,55787e-06;0,0307896;5,3367;0
10;6,57933;6,85054e-06;7,74708e-06;0,0379635;6,57933;0
10;8,11131;8,92199e-06;9,24354e-06;0,0468102;8,11131;0
10;10;1,17933e-05;1,11737e-05;0,0577204;10;0
10;12,3285;1,55441e-05;1,36351e-05;0,0711765;12,3285;0
10;15,1991;2,04722e-05;1,6788e-05;0,0877743;15,1991;0
10;18,7382;2,8143e-05;2,08782e-05;0,10825;18,7382;0
10;23,1013;3,74469e-05;2,6163e-05;0,133512;23,1013;0
10;28,4804;5,30272e-05;3,30611e-05;0,164687;28,4804;0
10;35,1119;7,3687e-05;4,20776e-05;0,203167;35,1119;0
10;43,2876;0,000100226;5,40147e-05;0,250676;43,2876;0
10;53,367;0,000142877;6,97553e-05;0,309356;53,367;0
10;65,7933;0,000206817;9,06721e-05;0,381864;65,7933;0
10;81,1131;0,000300999;0,000118324;0,471512;81,1131;0
10;100;0,000418267;0,000155603;0,582433;100;0
12,5893;0,1;9,49756e-08;5,149e-06;0,000576649;0,1;0
12,5893;0,123285;1,17528e-07;5,28458e-06;0,000710921;0,123285;0
12,5893;0,151991;1,4513e-07;5,34673e-06;0,000876459;0,151991;0
12,5893;0,187382;1,79363e-07;5,3696e-06;0,00108054;0,187382;0
12,5893;0,231013;2,22125e-07;5,36912e-06;0,00133215;0,231013;0
12,5893;0,284804;2,74651e-07;5,37832e-06;0,00164235;0,284804;0
12,5893;0,351119;3,40788e-07;5,38585e-06;0,00202477;0,351119;0
12,5893;0,432876;4,22461e-07;5,40195e-06;0,00249625;0,432876;0
12,5893;0,53367;5,24262e-07;5,41398e-06;0,00307753;0,53367;0
12,5893;0,657933;6,50235e-07;5,43089e-06;0,00379417;0,657933;0
12,5893;0,811131;8,1063e-07;5,45137e-06;0,0046777;0,811131;0
12,5893;1;1,00907e-06;5,46878e-06;0,00576699;1;0
12,5893;1,23285;1,26096e-06;5,49809e-06;0,00710997;1,23285;0
12,5893;1,51991;1,58146e-06;5,53027e-06;0,00876575;1,51991;0
12,5893;1,87382;1,98625e-06;5,58749e-06;0,0108072;1,87382;0
12,5893;2,31013;2,49232e-06;5,71397e-06;0,0133242;2,31013;0
12,5893;2,84804;3,15374e-06;6,01367e-06;0,0164275;2,84804;0
12,5893;3,51119;3,98732e-06;6,59713e-06;0,0202539;3,51119;0
12,5893;4,32876;5,09507e-06;7,43543e-06;0,024972;4,32876;0
12,5893;5,3367;6,47422e-06;8,56736e-06;0,0307896;5,3367;0
12,5893;6,57933;8,39907e-06;1,00091e-05;0,0379635;6,57933;0
12,5893;8,11131;1,07822e-05;1,18737e-05;0,0468102;8,11131;0
12,5893;10;1,40455e-05;1,42326e-05;0,0577204;10;0
12,5893;12,3285;1,86218e-05;1,72497e-05;0,0711765;12,3285;0
12,5893;15,1991;2,45727e-05;2,11099e-05;0,0877743;15,1991;0
12,5893;18,7382;3,28559e-05;2,60595e-05;0,10825;18,7382;0
12,5893;23,1013;4,44495e-05;3,24457e-05;0,133512;23,1013;0
12,5893;28,4804;6,07794e-05;4,07662e-05;0,164687;28,4804;0
12,5893;35,1119;8,17352e-05;5,15657e-05;0,203167;35,1119;0
12,5893;43,2876;0,000112904;6,57835e-05;0,250676;43,2876;0
12,5893;53,367;0,000162688;8,43097e-05;0,309356;53,367;0
12,5893;65,7933;0,000224374;0,000108945;0,381864;65,7933;0
12,5893;81,1131;0,000318821;0,000141683;0,471512;81,1131;0
12,5893;100;0,000461639;0,000185312;0,582433;100;0
15,8489;0,1;1,17405e-07;6,9888e-06;0,000576649;0,1;0
15,8489;0,123285;1,44902e-07;7,3603e-06;0,000710921;0,123285;0
15,8489;0,151991;1,78949e-07;7,48897e-06;0,000876459;0,151991;0
15,8489;0,187382;2,21149e-07;7,56067e-06;0,00108054;0,187382;0
15,8489;0,231013;2,73588e-07;7,57018e-06;0,00133215;0,231013;0
15,8489;0,284804;3,38439e-07;7,57281e-06;0,00164235;0,284804;0
15,8489;0,351119;4,19081e-07;7,58432e-06;0,00202477;0,351119;0
15,8489;0,432876;5,19362e-07;7,59575e-06;0,00249625;0,432876;0
15,8489;0,53367;6,4277e-07;7,61007e-06;0,00307753;0,53367;0
15,8489;0,657933;7,97864e-07;7,63329e-06;0,00379417;0,657933;0
15,8489;0,811131;9,92331e-07;7,64982e-06;0,0046777;0,811131;0
15,8489;1;1,23418e-06;7,67948e-06;0,00576699;1;0
15,8489;1,23285;1,54186e-06;7,7011e-06;0,00710997;1,23285;0
15,8489;1,51991;1,92401e-06;7,7238e-06;0,00876575;1,51991;0
15,8489;1,87382;2,41351e-06;7,77743e-06;0,0108072;1,87382;0
15,8489;2,31013;3,02436e-06;7,90069e-06;0,0133242;2,31013;0
15,8489;2,84804;3,81805e-06;8,22437e-06;0,0164275;2,84804;0
15,8489;3,51119;4,81164e-06;8,85141e-06;0,0202539;3,51119;0
15,8489;4,32876;6,1068e-06;9,83106e-06;0,024972;4,32876;0
15,8489;5,3367;7,7691e-06;1,11357e-05;0,0307896;5,3367;0
15,8489;6,57933;9,94901e-06;1,2873e-05;0,0379635;6,57933;0
15,8489;8,11131;1,28102e-05;1,50721e-05;0,0468102;8,11131;0
15,8489;10;1,66061e-05;1,7919e-05;0,0577204;10;0
15,8489;12,3285;2,18077e-05;2,14492e-05;0,0711765;12,3285;0
15,8489;15,1991;2,83318e-05;2,60442e-05;0,0877743;15,1991;0
15,8489;18,7382;3,73556e-05;3,19141e-05;0,10825;18,7382;0
15,8489;23,1013;5,08374e-05;3,94897e-05;0,133512;23,1013;0
15,8489;28,4804;6,90995e-05;4,92909e-05;0,164687;28,4804;0
15,8489;35,1119;9,16363e-05;6,19829e-05;0,203167;35,1119;0
15,8489;43,2876;0,000126643;7,87137e-05;0,250676;43,2876;0
15,8489;53,367;0,000177179;0,000100526;0,309356;53,367;0
15,8489;65,7933;0,000250143;0,000129056;0,381864;65,7933;0
15,8489;81,1131;0,00035735;0,00016693;0,471512;81,1131;0
15,8489;100;0,000492285;0,000216826;0,582433;100;0
19,9526;0,1;1,38758e-07;9,2995e-06;0,000576649;0,1;0
19,9526;0,123285;1,71331e-07;1,01847e-05;0,000710921;0,123285;0
19,9526;0,151991;2,11544e-07;1,05422e-05;0,000876459;0,151991;0
19,9526;0,187382;2,61261e-07;1,06962e-05;0,00108054;0,187382;0
19,9526;0,231013;3,2294e-07;1,07678e-05;0,00133215;0,231013;0
19,9526;0,284804;3,9947e-07;1,07721e-05;0,00164235;0,284804;0
19,9526;0,351119;4,94393e-07;1,0778e-05;0,00202477;0,351119;0
19,9526;0,432876;6,11304e-07;1,07974e-05;0,00249625;0,432876;0
19,9526;0,53367;7,57769e-07;1,08054e-05;0,00307753;0,53367;0
19,9526;0,657933;9,39889e-07;1,08225e-05;0,00379417;0,657933;0
19,9526;0,811131;1,16823e-06;1,08417e-05;0,0046777;0,811131;0
19,9526;1;1,45101e-06;1,08642e-05;0,00576699;1;0
19,9526;1,23285;1,80694e-06;1,08955e-05;0,00710997;1,23285;0
19,9526;1,51991;2,25542e-06;1,0914e-05;0,00876575;1,51991;0
19,9526;1,87382;2,82333e-06;1,09717e-05;0,0108072;1,87382;0
19,9526;2,31013;3,53926e-06;1,10847e-05;0,0133242;2,31013;0
19,9526;2,84804;4,43667e-06;1,14014e-05;0,0164275;2,84804;0
19,9526;3,51119;5,60351e-06;1,20485e-05;0,0202539;3,51119;0
19,9526;4,32876;7,10078e-06;1,3079e-05;0,024972;4,32876;0
19,9526;5,3367;8,98649e-06;1,45548e-05;0,0307896;5,3367;0
19,9526;6,57933;1,14502e-05;1,64888e-05;0,0379635;6,57933;0
19,9526;8,11131;1,48324e-05;1,89998e-05;0,0468102;8,11131;0
19,9526;10;1,90529e-05;2,22214e-05;0,0577204;10;0
19,9526;12,3285;2,46482e-05;2,63751e-05;0,0711765;12,3285;0
19,9526;15,1991;3,25081e-05;3,16452e-05;0,0877743;15,1991;0
19,9526;18,7382;4,30865e-05;3,84439e-05;0,10825;18,7382;0
19,9526;23,1013;5,65415e-05;4,71717e-05;0,133512;23,1013;0
19,9526;28,4804;7,62211e-05;5,8442e-05;0,164687;28,4804;0
19,9526;35,1119;0,000105101;7,3095e-05;0,203167;35,1119;0
19,9526;43,2876;0,000140871;9,22014e-05;0,250676;43,2876;0
19,9526;53,367;0,000195835;0,000117184;0,309356;53,367;0
19,9526;65,7933;0,000274504;0,000149949;0,381864;65,7933;0
19,9526;81,1131;0,000390091;0,000193063;0,471512;81,1131;0
19,9526;100;0,000539348;0,000250225;0,582433;100;0
25,1189;0,1;1,57124e-07;1,20663e-05;0,000576649;0,1;0
25,1189;0,123285;1,93837e-07;1,36372e-05;0,000710921;0,123285;0
25,1189;0,151991;2,39403e-07;1,48286e-05;0,000876459;0,151991;0
25,1189;0,187382;2,95782e-07;1,5297e-05;0,00108054;0,187382;0
25,1189;0,231013;3,65436e-07;1,54689e-05;0,00133215;0,231013;0
25,1189;0,284804;4,51621e-07;1,55413e-05;0,00164235;0,284804;0
25,1189;0,351119;5,58349e-07;1,55469e-05;0,00202477;0,351119;0
25,1189;0,432876;6,91369e-07;1,55553e-05;0,00249625;0,432876;0
25,1189;0,53367;8,55567e-07;1,55729e-05;0,00307753;0,53367;0
25,1189;0,657933;1,06085e-06;1,55892e-05;0,00379417;0,657933;0
25,1189;0,811131;1,3173e-06;1,56089e-05;0,0046777;0,811131;0
25,1189;1;1,63621e-06;1,56397e-05;0,00576699;1;0
25,1189;1,23285;2,03594e-06;1,56526e-05;0,00710997;1,23285;0
25,1189;1,51991;2,54159e-06;1,56824e-05;0,00876575;1,51991;0
25,1189;1,87382;3,1711e-06;1,57392e-05;0,0108072;1,87382;0
25,1189;2,31013;3,97222e-06;1,58463e-05;0,0133242;2,31013;0
25,1189;2,84804;4,98165e-06;1,61453e-05;0,0164275;2,84804;0
25,1189;3,51119;6,27819e-06;1,67948e-05;0,0202539;3,51119;0
25,1189;4,32876;7,92096e-06;1,7888e-05;0,024972;4,32876;0
25,1189;5,3367;1,00534e-05;1,9341e-05;0,0307896;5,3367;0
25,1189;6,57933;1,28315e-05;2,14534e-05;0,0379635;6,57933;0
25,1189;8,11131;1,65023e-05;2,41481e-05;0,0468102;8,11131;0
25,1189;10;2,11883e-05;2,77611e-05;0,0577204;10;0
25,1189;12,3285;2,73129e-05;3,23098e-05;0,0711765;12,3285;0
25,1189;15,1991;3,5981e-05;3,81298e-05;0,0877743;15,1991;0
25,1189;18,7382;4,69756e-05;4,56996e-05;0,10825;18,7382;0
25,1189;23,1013;6,32077e-05;5,54696e-05;0,133512;23,1013;0
25,1189;28,4804;8,29893e-05;6,79627e-05;0,164687;28,4804;0
25,1189;35,1119;0,000112349;8,44622e-05;0,203167;35,1119;0
25,1189;43,2876;0,000155883;0,000105917;0,250676;43,2876;0
25,1189;53,367;0,000209992;0,000133828;0,309356;53,367;0
25,1189;65,7933;0,000291522;0,000170431;0,381864;65,7933;0
25,1189;81,1131;0,000409148;0,000219135;0,471512;81,1131;0
25,1189;100;0,000581183;0,0002837;0,582433;100;0
31,6228;0,1;1,90254e-07;1,41715e-05;0,000576649;0,1;0
31,6228;0,123285;2,34906e-07;1,80148e-05;0,000710921;0,123285;0
31,6228;0,151991;2,90014e-07;1,96216e-05;0,000876459;0,151991;0
31,6228;0,187382;3,58188e-07;1,96242e-05;0,00108054;0,187382;0
31,6228;0,231013;4,42884e-07;1,96358e-05;0,00133215;0,231013;0
31,6228;0,284804;5,47497e-07;1,96492e-05;0,00164235;0,284804;0
31,6228;0,351119;6,76202e-07;1,96775e-05;0,00202477;0,351119;0
31,6228;0,432876;8,36118e-07;1,96662e-05;0,00249625;0,432876;0
31,6228;0,53367;1,03531e-06;1,96716e-05;0,00307753;0,53367;0
31,6228;0,657933;1,28215e-06;1,96955e-05;0,00379417;0,657933;0
31,6228;0,811131;1,58782e-06;1,97107e-05;0,0046777;0,811131;0
31,6228;1;1,96856e-06;1,97298e-05;0,00576699;1;0
31,6228;1,23285;2,44438e-06;1,97632e-05;0,00710997;1,23285;0
31,6228;1,51991;3,03504e-06;1,97898e-05;0,00876575;1,51991;0
31,6228;1,87382;3,77459e-06;1,98088e-05;0,0108072;1,87382;0
31,6228;2,31013;4,70721e-06;1,99469e-05;0,0133242;2,31013;0
31,6228;2,84804;5,88895e-06;2,0292e-05;0,0164275;2,84804;0
31,6228;3,51119;7,36448e-06;2,08875e-05;0,0202539;3,51119;0
31,6228;4,32876;9,25886e-06;2,19545e-05;0,024972;4,32876;0
31,6228;5,3367;1,16778e-05;2,34585e-05;0,0307896;5,3367;0
31,6228;6,57933;1,47957e-05;2,55132e-05;0,0379635;6,57933;0
31,6228;8,11131;1,88231e-05;2,8341e-05;0,0468102;8,11131;0
31,6228;10;2,41429e-05;3,2062e-05;0,0577204;10;0
31,6228;12,3285;3,11696e-05;3,68458e-05;0,0711765;12,3285;0
31,6228;15,1991;4,03655e-05;4,30416e-05;0,0877743;15,1991;0
31,6228;18,7382;5,23591e-05;5,11759e-05;0,10825;18,7382;0
31,6228;23,1013;6,97955e-05;6,16696e-05;0,133512;23,1013;0
31,6228;28,4804;9,35445e-05;7,54215e-05;0,164687;28,4804;0
31,6228;35,1119;0,000124892;9,35407e-05;0,203167;35,1119;0
31,6228;43,2876;0,000167145;0,000117094;0,250676;43,2876;0
31,6228;53,367;0,000231665;0,000148134;0,309356;53,367;0
31,6228;65,7933;0,000323695;0,000189261;0,381864;65,7933;0
31,6228;81,1131;0,000454204;0,000243067;0,471512;81,1131;0
31,6228;100;0,000624187;0,000315259;0,582433;100;0
39,8107;0,1;2,44409e-07;1,73759e-05;0,000576649;0,1;0
39,8107;0,123285;3,01409e-07;1,97933e-05;0,000710921;0,123285;0
39,8107;0,151991;3,71895e-07;1,98041e-05;0,000876459;0,151991;0
39,8107;0,187382;4,58268e-07;1,98097e-05;0,00108054;0,187382;0
39,8107;0,231013;5,65356e-07;1,98209e-05;0,00133215;0,231013;0
39,8107;0,284804;6,96852e-07;1,9832e-05;0,00164235;0,284804;0
39,8107;0,351119;8,58965e-07;1,98396e-05;0,00202477;0,351119;0
39,8107;0,432876;1,05903e-06;1,98462e-05;0,00249625;0,432876;0
39,8107;0,53367;1,30517e-06;1,98624e-05;0,00307753;0,53367;0
39,8107;0,657933;1,60927e-06;1,98774e-05;0,00379417;0,657933;0
39,8107;0,811131;1,98451e-06;1,99034e-05;0,0046777;0,811131;0
39,8107;1;2,44911e-06;1,99393e-05;0,00576699;1;0
39,8107;1,23285;3,0204e-06;1,99581e-05;0,00710997;1,23285;0
39,8107;1,51991;3,7357e-06;1,99961e-05;0,00876575;1,51991;0
39,8107;1,87382;4,61344e-06;2,00462e-05;0,0108072;1,87382;0
39,8107;2,31013;5,7146e-06;2,0199e-05;0,0133242;2,31013;0
39,8107;2,84804;7,09496e-06;2,05599e-05;0,0164275;2,84804;0
39,8107;3,51119;8,80885e-06;2,12072e-05;0,0202539;3,51119;0
39,8107;4,32876;1,10042e-05;2,22172e-05;0,024972;4,32876;0
39,8107;5,3367;1,37286e-05;2,37124e-05;0,0307896;5,3367;0
39,8107;6,57933;1,72489e-05;2,5794e-05;0,0379635;6,57933;0
39,8107;8,11131;2,18367e-05;2,85792e-05;0,0468102;8,11131;0
39,8107;10;2,75435e-05;3,22992e-05;0,0577204;10;0
39,8107;12,3285;3,54335e-05;3,71594e-05;0,0711765;12,3285;0
39,8107;15,1991;4,55468e-05;4,35546e-05;0,0877743;15,1991;0
39,8107;18,7382;5,88817e-05;5,2039e-05;0,10825;18,7382;0
39,8107;23,1013;7,7701e-05;6,33108e-05;0,133512;23,1013;0
39,8107;28,4804;0,00010303;7,83177e-05;0,164687;28,4804;0
39,8107;35,1119;0,000135038;9,82475e-05;0,203167;35,1119;0
39,8107;43,2876;0,000182862;0,000124469;0,250676;43,2876;0
39,8107;53,367;0,000250569;0,000159079;0,309356;53,367;0
39,8107;65,7933;0,000348508;0,000204402;0,381864;65,7933;0
39,8107;81,1131;0,00047791;0,000264438;0,471512;81,1131;0
39,8107;100;0,000662934;0,000344145;0,582433;100;0
50,1187;0,1;2,83992e-07;1,83827e-05;0,000576649;0,1;0
50,1187;0,123285;3,5021e-07;1,9963e-05;0,000710921;0,123285;0
50,1187;0,151991;4,31156e-07;1,99802e-05;0,000876459;0,151991;0
50,1187;0,187382;5,31945e-07;1,99876e-05;0,00108054;0,187382;0
50,1187;0,231013;6,54938e-07;1,99849e-05;0,00133215;0,231013;0
50,1187;0,284804;8,06e-07;1,99946e-05;0,00164235;0,284804;0
50,1187;0,351119;9,9294e-07;2,00015e-05;0,00202477;0,351119;0
50,1187;0,432876;1,2228e-06;2,00127e-05;0,00249625;0,432876;0
50,1187;0,53367;1,50297e-06;2,00287e-05;0,00307753;0,53367;0
50,1187;0,657933;1,85075e-06;2,00472e-05;0,00379417;0,657933;0
50,1187;0,811131;2,27677e-06;2,00783e-05;0,0046777;0,811131;0
50,1187;1;2,80293e-06;2,01187e-05;0,00576699;1;0
50,1187;1,23285;3,44785e-06;2,01326e-05;0,00710997;1,23285;0
50,1187;1,51991;4,2491e-06;2,01649e-05;0,00876575;1,51991;0
50,1187;1,87382;5,23394e-06;2,02306e-05;0,0108072;1,87382;0
50,1187;2,31013;6,46694e-06;2,03836e-05;0,0133242;2,31013;0
50,1187;2,84804;8,00332e-06;2,07054e-05;0,0164275;2,84804;0
50,1187;3,51119;9,91226e-06;2,149e-05;0,0202539;3,51119;0
50,1187;4,32876;1,22866e-05;2,25733e-05;0,024972;4,32876;0
50,1187;5,3367;1,53276e-05;2,39989e-05;0,0307896;5,3367;0
50,1187;6,57933;1,91357e-05;2,60918e-05;0,0379635;6,57933;0
50,1187;8,11131;2,41275e-05;2,88709e-05;0,0468102;8,11131;0
50,1187;10;3,04422e-05;3,26215e-05;0,0577204;10;0
50,1187;12,3285;3,8848e-05;3,76173e-05;0,0711765;12,3285;0
50,1187;15,1991;4,9869e-05;4,42949e-05;0,0877743;15,1991;0
50,1187;18,7382;6,46045e-05;5,30731e-05;0,10825;18,7382;0
50,1187;23,1013;8,36011e-05;6,50536e-05;0,133512;23,1013;0
50,1187;28,4804;0,000110584;8,10744e-05;0,164687;28,4804;0
50,1187;35,1119;0,00014747;0,000102425;0,203167;35,1119;0
50,1187;43,2876;0,000196341;0,000130546;0,250676;43,2876;0
50,1187;53,367;0,000265853;0,000167762;0,309356;53,367;0
50,1187;65,7933;0,000369473;0,000217259;0,381864;65,7933;0
50,1187;81,1131;0,000506098;0,000282968;0,471512;81,1131;0
50,1187;100;0,000716626;0,000371004;0,582433;100;0
63,0957;0,1;3,07233e-07;1,78353e-05;0,000576649;0,1;0
63,0957;0,123285;3,78457e-07;2,01525e-05;0,000710921;0,123285;0
63,0957;0,151991;4,66432e-07;2,01604e-05;0,000876459;0,151991;0
63,0957;0,187382;5,74693e-07;2,01916e-05;0,00108054;0,187382;0
63,0957;0,231013;7,07955e-07;2,02399e-05;0,00133215;0,231013;0
63,0957;0,284804;8,71378e-07;2,01885e-05;0,00164235;0,284804;0
63,0957;0,351119;1,07311e-06;2,01981e-05;0,00202477;0,351119;0
63,0957;0,432876;1,32124e-06;2,02061e-05;0,00249625;0,432876;0
63,0957;0,53367;1,6251e-06;2,02246e-05;0,00307753;0,53367;0
63,0957;0,657933;2,00036e-06;2,02446e-05;0,00379417;0,657933;0
63,0957;0,811131;2,45796e-06;2,02816e-05;0,0046777;0,811131;0
63,0957;1;3,02255e-06;2,03153e-05;0,00576699;1;0
63,0957;1,23285;3,72372e-06;2,03335e-05;0,00710997;1,23285;0
63,0957;1,51991;4,5803e-06;2,04243e-05;0,00876575;1,51991;0
63,0957;1,87382;5,64821e-06;2,04247e-05;0,0108072;1,87382;0
63,0957;2,31013;6,95886e-06;2,06943e-05;0,0133242;2,31013;0
63,0957;2,84804;8,61069e-06;2,0909e-05;0,0164275;2,84804;0
63,0957;3,51119;1,06368e-05;2,16553e-05;0,0202539;3,51119;0
63,0957;4,32876;1,32249e-05;2,2896e-05;0,024972;4,32876;0
63,0957;5,3367;1,64675e-05;2,45249e-05;0,0307896;5,3367;0
63,0957;6,57933;2,05039e-05;2,63241e-05;0,0379635;6,57933;0
63,0957;8,11131;2,58019e-05;2,91595e-05;0,0468102;8,11131;0
63,0957;10;3,26008e-05;3,30856e-05;0,0577204;10;0
63,0957;12,3285;4,16007e-05;3,80468e-05;0,0711765;12,3285;0
63,0957;15,1991;5,30966e-05;4,49929e-05;0,0877743;15,1991;0
63,0957;18,7382;6,88469e-05;5,43538e-05;0,10825;18,7382;0
63,0957;23,1013;8,994e-05;6,69441e-05;0,133512;23,1013;0
63,0957;28,4804;0,00011675;8,40269e-05;0,164687;28,4804;0
63,0957;35,1119;0,000155737;0,000106941;0,203167;35,1119;0
63,0957;43,2876;0,000208806;0,000137382;0,250676;43,2876;0
63,0957;53,367;0,000284469;0,000177829;0,309356;53,367;0
63,0957;65,7933;0,000392259;0,00023181;0,381864;65,7933;0
63,0957;81,1131;0,000544781;0,000304075;0,471512;81,1131;0
63,0957;100;0,000748957;0,000401663;0,582433;100;0
79,4328;0,1;3,21625e-07;1,75902e-05;0,000576649;0,1;0
79,4328;0,123285;3,96377e-07;2,04432e-05;0,000710921;0,123285;0
79,4328;0,151991;4,88061e-07;2,04501e-05;0,000876459;0,151991;0
79,4328;0,187382;6,02126e-07;2,06217e-05;0,00108054;0,187382;0
79,4328;0,231013;7,41462e-07;2,0575e-05;0,00133215;0,231013;0
79,4328;0,284804;9,13655e-07;2,04804e-05;0,00164235;0,284804;0
79,4328;0,351119;1,12575e-06;2,04892e-05;0,00202477;0,351119;0
79,4328;0,432876;1,38597e-06;2,0515e-05;0,00249625;0,432876;0
79,4328;0,53367;1,70667e-06;2,05148e-05;0,00307753;0,53367;0
79,4328;0,657933;2,10131e-06;2,05408e-05;0,00379417;0,657933;0
79,4328;0,811131;2,58769e-06;2,05754e-05;0,0046777;0,811131;0
79,4328;1;3,18436e-06;2,06007e-05;0,00576699;1;0
79,4328;1,23285;3,92118e-06;2,06295e-05;0,00710997;1,23285;0
79,4328;1,51991;4,83318e-06;2,08643e-05;0,00876575;1,51991;0
79,4328;1,87382;5,9612e-06;2,07221e-05;0,0108072;1,87382;0
79,4328;2,31013;7,35888e-06;2,10403e-05;0,0133242;2,31013;0
79,4328;2,84804;9,0929e-06;2,12574e-05;0,0164275;2,84804;0
79,4328;3,51119;1,12636e-05;2,20359e-05;0,0202539;3,51119;0
79,4328;4,32876;1,39904e-05;2,31531e-05;0,024972;4,32876;0
79,4328;5,3367;1,73913e-05;2,47748e-05;0,0307896;5,3367;0
79,4328;6,57933;2,16918e-05;2,67275e-05;0,0379635;6,57933;0
79,4328;8,11131;2,72878e-05;2,95577e-05;0,0468102;8,11131;0
79,4328;10;3,43128e-05;3,3591e-05;0,0577204;10;0
79,4328;12,3285;4,38454e-05;3,88378e-05;0,0711765;12,3285;0
79,4328;15,1991;5,60649e-05;4,61262e-05;0,0877743;15,1991;0
79,4328;18,7382;7,27692e-05;5,58821e-05;0,10825;18,7382;0
79,4328;23,1013;9,51045e-05;6,94597e-05;0,133512;23,1013;0
79,4328;28,4804;0,000123963;8,7933e-05;0,164687;28,4804;0
79,4328;35,1119;0,000166232;0,000112806;0,203167;35,1119;0
79,4328;43,2876;0,000220954;0,00014638;0,250676;43,2876;0
79,4328;53,367;0,000299635;0,000191106;0,309356;53,367;0
79,4328;65,7933;0,000413905;0,00025111;0,381864;65,7933;0
79,4328;81,1131;0,000566283;0,000331846;0,471512;81,1131;0
79,4328;100;0,000791841;0,000441662;0,582433;100;0
100;0,1;3,40297e-07;1,78417e-05;0,000576649;0,1;0
100;0,123285;4,19607e-07;2,08752e-05;0,000710921;0,123285;0
100;0,151991;5,17411e-07;2,10103e-05;0,000876459;0,151991;0
100;0,187382;6,38067e-07;2,08983e-05;0,00108054;0,187382;0
100;0,231013;7,86314e-07;2,09308e-05;0,00133215;0,231013;0
100;0,284804;9,69492e-07;2,09121e-05;0,00164235;0,284804;0
100;0,351119;1,19569e-06;2,09237e-05;0,00202477;0,351119;0
100;0,432876;1,47187e-06;2,09344e-05;0,00249625;0,432876;0
100;0,53367;1,81453e-06;2,09509e-05;0,00307753;0,53367;0
100;0,657933;2,23707e-06;2,09779e-05;0,00379417;0,657933;0
100;0,811131;2,75722e-06;2,10137e-05;0,0046777;0,811131;0
100;1;3,39495e-06;2,10479e-05;0,00576699;1;0
100;1,23285;4,18617e-06;2,10703e-05;0,00710997;1,23285;0
100;1,51991;5,16145e-06;2,14166e-05;0,00876575;1,51991;0
100;1,87382;6,37208e-06;2,11821e-05;0,0108072;1,87382;0
100;2,31013;7,8454e-06;2,13502e-05;0,0133242;2,31013;0
100;2,84804;9,71446e-06;2,167e-05;0,0164275;2,84804;0
100;3,51119;1,20585e-05;2,24295e-05;0,0202539;3,51119;0
100;4,32876;1,49558e-05;2,34151e-05;0,024972;4,32876;0
100;5,3367;1,86484e-05;2,58663e-05;0,0307896;5,3367;0
100;6,57933;2,33232e-05;2,70956e-05;0,0379635;6,57933;0
100;8,11131;2,92991e-05;3,00744e-05;0,0468102;8,11131;0
100;10;3,6758e-05;3,40751e-05;0,0577204;10;0
100;12,3285;4,69518e-05;3,96954e-05;0,0711765;12,3285;0
100;15,1991;6,01103e-05;4,71857e-05;0,0877743;15,1991;0
100;18,7382;7,78428e-05;5,79617e-05;0,10825;18,7382;0
100;23,1013;0,00010101;7,29452e-05;0,133512;23,1013;0
100;28,4804;0,000133917;9,34344e-05;0,164687;28,4804;0
100;35,1119;0,000175606;0,000121125;0,203167;35,1119;0
100;43,2876;0,00023658;0,000158498;0,250676;43,2876;0
100;53,367;0,000322633;0,000208585;0,309356;53,367;0
100;65,7933;0,000439021;0,000276439;0,381864;65,7933;0
100;81,1131;0,000611552;0,00036888;0,471512;81,1131;0
100;100;0,000843319;0,000493429;0,582433;100;0
125,893;0,1;3,67369e-07;1,73765e-05;0,000576649;0,1;0
125,893;0,123285;4,53263e-07;2,15304e-05;0,000710921;0,123285;0
125,893;0,151991;5,58807e-07;2,15406e-05;0,000876459;0,151991;0
125,893;0,187382;6,89758e-07;2,15478e-05;0,00108054;0,187382;0
125,893;0,231013;8,49238e-07;2,1602e-05;0,00133215;0,231013;0
125,893;0,284804;1,04839e-06;2,15618e-05;0,00164235;0,284804;0
125,893;0,351119;1,29367e-06;2,15725e-05;0,00202477;0,351119;0
125,893;0,432876;1,5932e-06;2,15906e-05;0,00249625;0,432876;0
125,893;0,53367;1,96788e-06;2,16031e-05;0,00307753;0,53367;0
125,893;0,657933;2,42616e-06;2,16286e-05;0,00379417;0,657933;0
125,893;0,811131;2,99087e-06;2,16684e-05;0,0046777;0,811131;0
125,893;1;3,69196e-06;2,16985e-05;0,00576699;1;0
125,893;1,23285;4,55214e-06;2,17239e-05;0,00710997;1,23285;0
125,893;1,51991;5,61526e-06;2,17662e-05;0,00876575;1,51991;0
125,893;1,87382;6,93426e-06;2,18293e-05;0,0108072;1,87382;0
125,893;2,31013;8,57808e-06;2,22311e-05;0,0133242;2,31013;0
125,893;2,84804;1,06158e-05;2,22993e-05;0,0164275;2,84804;0
125,893;3,51119;1,31554e-05;2,30622e-05;0,0202539;3,51119;0
125,893;4,32876;1,63389e-05;2,40804e-05;0,024972;4,32876;0
125,893;5,3367;2,03673e-05;2,58187e-05;0,0307896;5,3367;0
125,893;6,57933;2,54342e-05;2,78376e-05;0,0379635;6,57933;0
125,893;8,11131;3,19012e-05;3,08543e-05;0,0468102;8,11131;0
125,893;10;4,02674e-05;3,50099e-05;0,0577204;10;0
125,893;12,3285;5,10527e-05;4,09724e-05;0,0711765;12,3285;0
125,893;15,1991;6,51061e-05;4,9454e-05;0,0877743;15,1991;0
125,893;18,7382;8,42398e-05;6,15736e-05;0,10825;18,7382;0
125,893;23,1013;0,000110049;7,8266e-05;0,133512;23,1013;0
125,893;28,4804;0,000145008;0,000101621;0,164687;28,4804;0
125,893;35,1119;0,000193138;0,000132944;0,203167;35,1119;0
125,893;43,2876;0,000258967;0,000175524;0,250676;43,2876;0
125,893;53,367;0,000352322;0,00023348;0,309356;53,367;0
125,893;65,7933;0,00047262;0,000311212;0,381864;65,7933;0
125,893;81,1131;0,000653037;0,00041731;0,471512;81,1131;0
125,893;100;0,000927027;0,000562567;0,582433;100;0
158,489;0,1;4,0631e-07;1,78362e-05;0,000576649;0,1;0
158,489;0,123285;5,00468e-07;2,25121e-05;0,000710921;0,123285;0
158,489;0,151991;6,17353e-07;2,25201e-05;0,000876459;0,151991;0
158,489;0,187382;7,58902e-07;2,2531e-05;0,00108054;0,187382;0
158,489;0,231013;9,40425e-07;2,25405e-05;0,00133215;0,231013;0
158,489;0,284804;1,15951e-06;2,25487e-05;0,00164235;0,284804;0
158,489;0,351119;1,42524e-06;2,2557e-05;0,00202477;0,351119;0
158,489;0,432876;1,76662e-06;2,25852e-05;0,00249625;0,432876;0
158,489;0,53367;2,17897e-06;2,25842e-05;0,00307753;0,53367;0
158,489;0,657933;2,68877e-06;2,26108e-05;0,00379417;0,657933;0
158,489;0,811131;3,30662e-06;2,26622e-05;0,0046777;0,811131;0
158,489;1;4,08334e-06;2,26978e-05;0,00576699;1;0
158,489;1,23285;5,06029e-06;2,27046e-05;0,00710997;1,23285;0
158,489;1,51991;6,25956e-06;2,2796e-05;0,00876575;1,51991;0
158,489;1,87382;7,73267e-06;2,28391e-05;0,0108072;1,87382;0
158,489;2,31013;9,56902e-06;2,34275e-05;0,0133242;2,31013;0
158,489;2,84804;1,18496e-05;2,32846e-05;0,0164275;2,84804;0
158,489;3,51119;1,47002e-05;2,40598e-05;0,0202539;3,51119;0
158,489;4,32876;1,82475e-05;2,52901e-05;0,024972;4,32876;0
158,489;5,3367;2,2735e-05;2,65937e-05;0,0307896;5,3367;0
158,489;6,57933;2,83572e-05;2,90807e-05;0,0379635;6,57933;0
158,489;8,11131;3,55472e-05;3,19235e-05;0,0468102;8,11131;0
158,489;10;4,46885e-05;3,64413e-05;0,0577204;10;0
158,489;12,3285;5,69981e-05;4,30947e-05;0,0711765;12,3285;0
158,489;15,1991;7,29356e-05;5,24921e-05;0,0877743;15,1991;0
158,489;18,7382;9,34304e-05;6,66559e-05;0,10825;18,7382;0
158,489;23,1013;0,000122814;8,67057e-05;0,133512;23,1013;0
158,489;28,4804;0,000160272;0,000113746;0,164687;28,4804;0
158,489;35,1119;0,000212013;0,000150402;0,203167;35,1119;0
158,489;43,2876;0,000285197;0,000200008;0,250676;43,2876;0
158,489;53,367;0,000386819;0,000267607;0,309356;53,367;0
158,489;65,7933;0,000526652;0,00035956;0,381864;65,7933;0
158,489;81,1131;0,000736703;0,000485211;0,471512;81,1131;0
158,489;100;0,00100546;0,000656267;0,582433;100;0
199,526;0,1;4,6317e-07;1,79128e-05;0,000576649;0,1;0
199,526;0,123285;5,7157e-07;2,39763e-05;0,000710921;0,123285;0
199,526;0,151991;7,02067e-07;2,39862e-05;0,000876459;0,151991;0
199,526;0,187382;8,69389e-07;2,42275e-05;0,00108054;0,187382;0
199,526;0,231013;1,07357e-06;2,39934e-05;0,00133215;0,231013;0
199,526;0,284804;1,31652e-06;2,39957e-05;0,00164235;0,284804;0
199,526;0,351119;1,6323e-06;2,40157e-05;0,00202477;0,351119;0
199,526;0,432876;2,01841e-06;2,40197e-05;0,00249625;0,432876;0
199,526;0,53367;2,4931e-06;2,40425e-05;0,00307753;0,53367;0
199,526;0,657933;3,07211e-06;2,40673e-05;0,00379417;0,657933;0
199,526;0,811131;3,79604e-06;2,41146e-05;0,0046777;0,811131;0
199,526;1;4,70261e-06;2,41433e-05;0,00576699;1;0
199,526;1,23285;5,81344e-06;2,41736e-05;0,00710997;1,23285;0
199,526;1,51991;7,19256e-06;2,42345e-05;0,00876575;1,51991;0
199,526;1,87382;8,88546e-06;2,42864e-05;0,0108072;1,87382;0
199,526;2,31013;1,10122e-05;2,44467e-05;0,0133242;2,31013;0
199,526;2,84804;1,35913e-05;2,48266e-05;0,0164275;2,84804;0
199,526;3,51119;1,69256e-05;2,55613e-05;0,0202539;3,51119;0
199,526;4,32876;2,08586e-05;2,67376e-05;0,024972;4,32876;0
199,526;5,3367;2,61901e-05;2,81172e-05;0,0307896;5,3367;0
199,526;6,57933;3,25755e-05;3,02699e-05;0,0379635;6,57933;0
199,526;8,11131;4,08778e-05;3,40417e-05;0,0468102;8,11131;0
199,526;10;5,15682e-05;3,86272e-05;0,0577204;10;0
199,526;12,3285;6,53549e-05;4,6521e-05;0,0711765;12,3285;0
199,526;15,1991;8,33112e-05;5,81797e-05;0,0877743;15,1991;0
199,526;18,7382;0,000107281;7,54392e-05;0,10825;18,7382;0
199,526;23,1013;0,000140724;9,95216e-05;0,133512;23,1013;0
199,526;28,4804;0,000183652;0,000132838;0,164687;28,4804;0
199,526;35,1119;0,00024251;0,00017669;0,203167;35,1119;0
199,526;43,2876;0,000324344;0,000236113;0,250676;43,2876;0
199,526;53,367;0,000439089;0,000317285;0,309356;53,367;0
199,526;65,7933;0,000600694;0,000427361;0,381864;65,7933;0
199,526;81,1131;0,000830354;0,000578464;0,471512;81,1131;0
199,526;100;0,0011397;0,000784416;0,582433;100;0
251,189;0,1;5,45061e-07;1,77964e-05;0,000576649;0,1;0
251,189;0,123285;6,69942e-07;2,6205e-05;0,000710921;0,123285;0
251,189;0,151991;8,28881e-07;2,6209e-05;0,000876459;0,151991;0
251,189;0,187382;1,0219e-06;2,63512e-05;0,00108054;0,187382;0
251,189;0,231013;1,26495e-06;2,63808e-05;0,00133215;0,231013;0
251,189;0,284804;1,55952e-06;2,65208e-05;0,00164235;0,284804;0
251,189;0,351119;1,92784e-06;2,62345e-05;0,00202477;0,351119;0
251,189;0,432876;2,37385e-06;2,62428e-05;0,00249625;0,432876;0
251,189;0,53367;2,93953e-06;2,6256e-05;0,00307753;0,53367;0
251,189;0,657933;3,63675e-06;2,62837e-05;0,00379417;0,657933;0
251,189;0,811131;4,47887e-06;2,63334e-05;0,0046777;0,811131;0
251,189;1;5,55186e-06;2,63764e-05;0,00576699;1;0
251,189;1,23285;6,88085e-06;2,63909e-05;0,00710997;1,23285;0
251,189;1,51991;8,52499e-06;2,65642e-05;0,00876575;1,51991;0
251,189;1,87382;1,0513e-05;2,65359e-05;0,0108072;1,87382;0
251,189;2,31013;1,30352e-05;2,67191e-05;0,0133242;2,31013;0
251,189;2,84804;1,62408e-05;2,75415e-05;0,0164275;2,84804;0
251,189;3,51119;2,01184e-05;2,77889e-05;0,0202539;3,51119;0
251,189;4,32876;2,50474e-05;2,89782e-05;0,024972;4,32876;0
251,189;5,3367;3,11015e-05;3,05733e-05;0,0307896;5,3367;0
251,189;6,57933;3,87523e-05;3,29711e-05;0,0379635;6,57933;0
251,189;8,11131;4,87166e-05;3,62846e-05;0,0468102;8,11131;0
251,189;10;6,13469e-05;4,20958e-05;0,0577204;10;0
251,189;12,3285;7,74826e-05;5,20507e-05;0,0711765;12,3285;0
251,189;15,1991;9,93806e-05;6,76006e-05;0,0877743;15,1991;0
251,189;18,7382;0,00012794;9,00453e-05;0,10825;18,7382;0
251,189;23,1013;0,000165422;0,000121463;0,133512;23,1013;0
251,189;28,4804;0,000216073;0,000161742;0,164687;28,4804;0
251,189;35,1119;0,000284018;0,000216207;0,203167;35,1119;0
251,189;43,2876;0,000380593;0,000289773;0,250676;43,2876;0
251,189;53,367;0,000512193;0,000389266;0,309356;53,367;0
251,189;65,7933;0,000699361;0,000524718;0,381864;65,7933;0
251,189;81,1131;0,000961172;0,000709681;0,471512;81,1131;0
251,189;100;0,00132221;0,000961275;0,582433;100;0
316,228;0,1;6,67452e-07;1,78367e-05;0,000576649;0,1;0
316,228;0,123285;8,23932e-07;2,96262e-05;0,000710921;0,123285;0
316,228;0,151991;1,01598e-06;2,96282e-05;0,000876459;0,151991;0
316,228;0,187382;1,25486e-06;2,96433e-05;0,00108054;0,187382;0
316,228;0,231013;1,55045e-06;2,99442e-05;0,00133215;0,231013;0
316,228;0,284804;1,91495e-06;2,9622e-05;0,00164235;0,284804;0
316,228;0,351119;2,36669e-06;2,96233e-05;0,00202477;0,351119;0
316,228;0,432876;2,91829e-06;2,96462e-05;0,00249625;0,432876;0
316,228;0,53367;3,61472e-06;2,9667e-05;0,00307753;0,53367;0
316,228;0,657933;4,4645e-06;2,96923e-05;0,00379417;0,657933;0
316,228;0,811131;5,53432e-06;2,97328e-05;0,0046777;0,811131;0
316,228;1;6,85599e-06;2,97579e-05;0,00576699;1;0
316,228;1,23285;8,47555e-06;2,98088e-05;0,00710997;1,23285;0
316,228;1,51991;1,05081e-05;2,98658e-05;0,00876575;1,51991;0
316,228;1,87382;1,30494e-05;2,99554e-05;0,0108072;1,87382;0
316,228;2,31013;1,61714e-05;3,00939e-05;0,0133242;2,31013;0
316,228;2,84804;2,00966e-05;3,05631e-05;0,0164275;2,84804;0
316,228;3,51119;2,49644e-05;3,1249e-05;0,0202539;3,51119;0
316,228;4,32876;3,1024e-05;3,24343e-05;0,024972;4,32876;0
316,228;5,3367;3,86563e-05;3,51969e-05;0,0307896;5,3367;0
316,228;6,57933;4,80878e-05;3,63719e-05;0,0379635;6,57933;0
316,228;8,11131;6,0376e-05;4,07438e-05;0,0468102;8,11131;0
316,228;10;7,57532e-05;4,8742e-05;0,0577204;10;0
316,228;12,3285;9,556e-05;6,30013e-05;0,0711765;12,3285;0
316,228;15,1991;0,000121576;8,46289e-05;0,0877743;15,1991;0
316,228;18,7382;0,000156601;0,000115271;0,10825;18,7382;0
316,228;23,1013;0,000202435;0,000155981;0,133512;23,1013;0
316,228;28,4804;0,000264296;0,000207713;0,164687;28,4804;0
316,228;35,1119;0,000347679;0,000277002;0,203167;35,1119;0
316,228;43,2876;0,00046128;0,00036963;0,250676;43,2876;0
316,228;53,367;0,000615487;0,0004943;0,309356;53,367;0
316,228;65,7933;0,000838109;0,000663451;0,381864;65,7933;0
316,228;81,1131;0,00112751;0,000893722;0,471512;81,1131;0
316,228;100;0,00156903;0,00120524;0,582433;100;0
398,107;0,1;8,57278e-07;1,85624e-05;0,000576649;0,1;0
398,107;0,123285;1,05768e-06;3,49628e-05;0,000710921;0,123285;0
398,107;0,151991;1,30531e-06;3,49642e-05;0,000876459;0,151991;0
398,107;0,187382;1,61121e-06;3,49534e-05;0,00108054;0,187382;0
398,107;0,231013;1,98938e-06;3,52671e-05;0,00133215;0,231013;0
398,107;0,284804;2,45922e-06;3,49467e-05;0,00164235;0,284804;0
398,107;0,351119;3,04072e-06;3,49637e-05;0,00202477;0,351119;0
398,107;0,432876;3,75839e-06;3,51374e-05;0,00249625;0,432876;0
398,107;0,53367;4,65605e-06;3,49466e-05;0,00307753;0,53367;0
398,107;0,657933;5,7563e-06;3,50015e-05;0,00379417;0,657933;0
398,107;0,811131;7,12829e-06;3,50359e-05;0,0046777;0,811131;0
398,107;1;8,81748e-06;3,5102e-05;0,00576699;1;0
398,107;1,23285;1,09482e-05;3,51096e-05;0,00710997;1,23285;0
398,107;1,51991;1,35888e-05;3,51724e-05;0,00876575;1,51991;0
398,107;1,87382;1,68425e-05;3,56054e-05;0,0108072;1,87382;0
398,107;2,31013;2,09291e-05;3,54213e-05;0,0133242;2,31013;0
398,107;2,84804;2,59967e-05;3,58253e-05;0,0164275;2,84804;0
398,107;3,51119;3,22974e-05;3,6608e-05;0,0202539;3,51119;0
398,107;4,32876;4,0289e-05;3,78362e-05;0,024972;4,32876;0
398,107;5,3367;5,01608e-05;3,95694e-05;0,0307896;5,3367;0
398,107;6,57933;6,24499e-05;4,24414e-05;0,0379635;6,57933;0
398,107;8,11131;7,81959e-05;4,871e-05;0,0468102;8,11131;0
398,107;10;9,80372e-05;6,14102e-05;0,0577204;10;0
398,107;12,3285;0,000124271;8,2534e-05;0,0711765;12,3285;0
398,107;15,1991;0,000157451;0,000114629;0,0877743;15,1991;0
398,107;18,7382;0,000201397;0,000156872;0,10825;18,7382;0
398,107;23,1013;0,000259441;0,000210658;0,133512;23,1013;0
398,107;28,4804;0,000337181;0,000279378;0,164687;28,4804;0
398,107;35,1119;0,00044088;0,000369946;0,203167;35,1119;0
398,107;43,2876;0,000582156;0,00048987;0,250676;43,2876;0
398,107;53,367;0,000777495;0,000651564;0,309356;53,367;0
398,107;65,7933;0,00103529;0,000866953;0,381864;65,7933;0
398,107;81,1131;0,00141642;0,0011586;0,471512;81,1131;0
398,107;100;0,00193016;0,00155563;0,582433;100;0
500;0,1;1,15679e-06;1,78314e-05;0,000576649;0,1;0
500;0,123285;1,42814e-06;4,32463e-05;0,000710921;0,123285;0
500;0,151991;1,76205e-06;4,32855e-05;0,000876459;0,151991;0
500;0,187382;2,17597e-06;4,32717e-05;0,00108054;0,187382;0
500;0,231013;2,68561e-06;4,35236e-05;0,00133215;0,231013;0
500;0,284804;3,31618e-06;4,32453e-05;0,00164235;0,284804;0
500;0,351119;4,09768e-06;4,32318e-05;0,00202477;0,351119;0
500;0,432876;5,07008e-06;4,32569e-05;0,00249625;0,432876;0
500;0,53367;6,27359e-06;4,32379e-05;0,00307753;0,53367;0
500;0,657933;7,76917e-06;4,32413e-05;0,00379417;0,657933;0
500;0,811131;9,62421e-06;4,33072e-05;0,0046777;0,811131;0
500;1;1,1935e-05;4,33502e-05;0,00576699;1;0
500;1,23285;1,48028e-05;4,34033e-05;0,00710997;1,23285;0
500;1,51991;1,83747e-05;4,34208e-05;0,00876575;1,51991;0
500;1,87382;2,28467e-05;4,35099e-05;0,0108072;1,87382;0
500;2,31013;2,83728e-05;4,36734e-05;0,0133242;2,31013;0
500;2,84804;3,52755e-05;4,45341e-05;0,0164275;2,84804;0
500;3,51119;4,40086e-05;4,49294e-05;0,0202539;3,51119;0
500;4,32876;5,4601e-05;4,60527e-05;0,024972;4,32876;0
500;5,3367;6,82215e-05;4,96904e-05;0,0307896;5,3367;0
500;6,57933;8,44711e-05;5,29e-05;0,0379635;6,57933;0
500;8,11131;0,000106112;6,41549e-05;0,0468102;8,11131;0
500;10;0,000133254;8,63866e-05;0,0577204;10;0
500;12,3285;0,000167926;0,000119997;0,0711765;12,3285;0
500;15,1991;0,000213025;0,000167567;0,0877743;15,1991;0
500;18,7382;0,000270315;0,000226792;0,10825;18,7382;0
500;23,1013;0,000348973;0,000301435;0,133512;23,1013;0
500;28,4804;0,000450582;0,000393766;0,164687;28,4804;0
500;35,1119;0,00058479;0,000515155;0,203167;35,1119;0
500;43,2876;0,000765964;0,000674846;0,250676;43,2876;0
500;53,367;0,00100535;0,000886927;0,309356;53,367;0
500;65,7933;0,00134778;0,0011685;0,381864;65,7933;0
500;81,1131;0,00178251;0,00154743;0,471512;81,1131;0
500;100;0,00245633;0,00205912;0,582433;100;0
