"Time / s","GaNFET 1","GaNFET 2","GaNFET 3","GaNFET 4","GaNFET 5","GaNFET 6","MOSFET 7","MOSFET 8"
1.300000e+00,3.750298e+01,3.749986e+01,3.750601e+01,3.750633e+01,3.750090e+01,3.750408e+01,3.368557e+01,3.461613e+01
