"Time / s","GaNFET 1","GaNFET 2","GaNFET 3","GaNFET 4","GaNFET 5","GaNFET 6","MOSFET 7","MOSFET 8"
1.300000e+00,3.808281e+01,3.807942e+01,3.808600e+01,3.808627e+01,3.808046e+01,3.808387e+01,3.415688e+01,3.508699e+01
