"Time / s","GaNFET 1","GaNFET 2","GaNFET 3","GaNFET 4","GaNFET 5","GaNFET 6","MOSFET 7","MOSFET 8"
1.300000e+00,3.866366e+01,3.866000e+01,3.866700e+01,3.866723e+01,3.866104e+01,3.866468e+01,3.463262e+01,3.555957e+01
