"Time / s","GaNFET 1","GaNFET 2","GaNFET 3","GaNFET 4","GaNFET 5","GaNFET 6","MOSFET 7","MOSFET 8"
1.300000e+00,3.924663e+01,3.924269e+01,3.925005e+01,3.925033e+01,3.924376e+01,3.924768e+01,3.511422e+01,3.603580e+01
