"Time / s","GaNFET 1","GaNFET 2","GaNFET 3","GaNFET 4","GaNFET 5","GaNFET 6","MOSFET 7","MOSFET 8"
1.300000e+00,3.983082e+01,3.982660e+01,3.983433e+01,3.983461e+01,3.982769e+01,3.983187e+01,3.559712e+01,3.651368e+01
