"Time / s","GaNFET 1","GaNFET 2","GaNFET 3","GaNFET 4","GaNFET 5","GaNFET 6","MOSFET 7","MOSFET 8"
1.300000e+00,4.041715e+01,4.041265e+01,4.042072e+01,4.042093e+01,4.041367e+01,4.041813e+01,3.607975e+01,3.699380e+01
