"Time / s","GaNFET 1","GaNFET 2","GaNFET 3","GaNFET 4","GaNFET 5","GaNFET 6","MOSFET 7","MOSFET 8"
1.300000e+00,4.100631e+01,4.100151e+01,4.100997e+01,4.101024e+01,4.100262e+01,4.100739e+01,3.656531e+01,3.747740e+01
