"Time / s","GaNFET 1","GaNFET 2","GaNFET 3","GaNFET 4","GaNFET 5","GaNFET 6","MOSFET 7","MOSFET 8"
1.300000e+00,4.159678e+01,4.159169e+01,4.160056e+01,4.160086e+01,4.159287e+01,4.159790e+01,3.705217e+01,3.796350e+01
