"Time / s","GaNFET 1","GaNFET 2","GaNFET 3","GaNFET 4","GaNFET 5","GaNFET 6","MOSFET 7","MOSFET 8"
1.300000e+00,4.577964e+01,4.577234e+01,4.578406e+01,4.578435e+01,4.577364e+01,4.578074e+01,4.050188e+01,4.142628e+01
