"Time / s","GaNFET 1","GaNFET 2","GaNFET 3","GaNFET 4","GaNFET 5","GaNFET 6","MOSFET 7","MOSFET 8"
1.300000e+00,4.822313e+01,4.821473e+01,4.822806e+01,4.822837e+01,4.821607e+01,4.822426e+01,4.249192e+01,4.341462e+01
