"Time / s","GaNFET 1","GaNFET 2","GaNFET 3","GaNFET 4","GaNFET 5","GaNFET 6","MOSFET 7","MOSFET 8"
1.300000e+00,4.884051e+01,4.883186e+01,4.884556e+01,4.884587e+01,4.883320e+01,4.884164e+01,4.299173e+01,4.391316e+01
