"Time / s","GaNFET 1","GaNFET 2","GaNFET 3","GaNFET 4","GaNFET 5","GaNFET 6","MOSFET 7","MOSFET 8"
1.300000e+00,5.070737e+01,5.069794e+01,5.071261e+01,5.071277e+01,5.069912e+01,5.070834e+01,4.450048e+01,4.541518e+01
