"Time / s","GaNFET 1","GaNFET 2","GaNFET 3","GaNFET 4","GaNFET 5","GaNFET 6","MOSFET 7","MOSFET 8"
1.300000e+00,5.450764e+01,5.449709e+01,5.451377e+01,5.451414e+01,5.449850e+01,5.450880e+01,4.755433e+01,4.844518e+01
