"Time / s","GaNFET 1","GaNFET 2","GaNFET 3","GaNFET 4","GaNFET 5","GaNFET 6","MOSFET 7","MOSFET 8"
1.300000e+00,5.580324e+01,5.579246e+01,5.580974e+01,5.581001e+01,5.579380e+01,5.580429e+01,4.857733e+01,4.946039e+01
