"Time / s","GaNFET 1","GaNFET 2","GaNFET 3","GaNFET 4","GaNFET 5","GaNFET 6","MOSFET 7","MOSFET 8"
1.300000e+00,2.948734e+01,2.948853e+01,2.948856e+01,2.948909e+01,2.948941e+01,2.948788e+01,2.724644e+01,2.819040e+01
