"Time / s","GaNFET 1","GaNFET 2","GaNFET 3","GaNFET 4","GaNFET 5","GaNFET 6","MOSFET 7","MOSFET 8"
1.300000e+00,5.972083e+01,5.970938e+01,5.972823e+01,5.972849e+01,5.971077e+01,5.972191e+01,5.164988e+01,5.251876e+01
