"Time / s","GaNFET 1","GaNFET 2","GaNFET 3","GaNFET 4","GaNFET 5","GaNFET 6","MOSFET 7","MOSFET 8"
1.300000e+00,6.304637e+01,6.303465e+01,6.305451e+01,6.305480e+01,6.303606e+01,6.304744e+01,5.424168e+01,5.510442e+01
