"Time / s","GaNFET 1","GaNFET 2","GaNFET 3","GaNFET 4","GaNFET 5","GaNFET 6","MOSFET 7","MOSFET 8"
1.300000e+00,6.371911e+01,6.370735e+01,6.372743e+01,6.372770e+01,6.370880e+01,6.372022e+01,5.476335e+01,5.562554e+01
