"Time / s","GaNFET 1","GaNFET 2","GaNFET 3","GaNFET 4","GaNFET 5","GaNFET 6","MOSFET 7","MOSFET 8"
1.300000e+00,6.439466e+01,6.438286e+01,6.440309e+01,6.440338e+01,6.438431e+01,6.439576e+01,5.528647e+01,5.614818e+01
