"Time / s","GaNFET 1","GaNFET 2","GaNFET 3","GaNFET 4","GaNFET 5","GaNFET 6","MOSFET 7","MOSFET 8"
1.300000e+00,6.920621e+01,6.919445e+01,6.921598e+01,6.921633e+01,6.919599e+01,6.920733e+01,5.897336e+01,5.983551e+01
