"Time / s","GaNFET 1","GaNFET 2","GaNFET 3","GaNFET 4","GaNFET 5","GaNFET 6","MOSFET 7","MOSFET 8"
1.300000e+00,7.131346e+01,7.130180e+01,7.132399e+01,7.132435e+01,7.130334e+01,7.131458e+01,6.056803e+01,6.143211e+01
