"Time / s","GaNFET 1","GaNFET 2","GaNFET 3","GaNFET 4","GaNFET 5","GaNFET 6","MOSFET 7","MOSFET 8"
1.300000e+00,7.202209e+01,7.201050e+01,7.203286e+01,7.203321e+01,7.201202e+01,7.202320e+01,6.110169e+01,6.196638e+01
