"Time / s","GaNFET 1","GaNFET 2","GaNFET 3","GaNFET 4","GaNFET 5","GaNFET 6","MOSFET 7","MOSFET 8"
1.300000e+00,7.344941e+01,7.343797e+01,7.346061e+01,7.346099e+01,7.343952e+01,7.345053e+01,6.217193e+01,6.303802e+01
