"Time / s","GaNFET 1","GaNFET 2","GaNFET 3","GaNFET 4","GaNFET 5","GaNFET 6","MOSFET 7","MOSFET 8"
1.300000e+00,7.561653e+01,7.560534e+01,7.562839e+01,7.562881e+01,7.560690e+01,7.561766e+01,6.378520e+01,6.465341e+01
