"Time / s","GaNFET 1","GaNFET 2","GaNFET 3","GaNFET 4","GaNFET 5","GaNFET 6","MOSFET 7","MOSFET 8"
1.300000e+00,7.855503e+01,7.854442e+01,7.856784e+01,7.856820e+01,7.854597e+01,7.855614e+01,6.595593e+01,6.681985e+01
