"Time / s","GaNFET 1","GaNFET 2","GaNFET 3","GaNFET 4","GaNFET 5","GaNFET 6","MOSFET 7","MOSFET 8"
1.300000e+00,8.154995e+01,8.154022e+01,8.156384e+01,8.156420e+01,8.154182e+01,8.155105e+01,6.814004e+01,6.899210e+01
