"Time / s","GaNFET 1","GaNFET 2","GaNFET 3","GaNFET 4","GaNFET 5","GaNFET 6","MOSFET 7","MOSFET 8"
1.300000e+00,8.230740e+01,8.229794e+01,8.232152e+01,8.232198e+01,8.229955e+01,8.230854e+01,6.868494e+01,6.953109e+01
