"Time / s","GaNFET 1","GaNFET 2","GaNFET 3","GaNFET 4","GaNFET 5","GaNFET 6","MOSFET 7","MOSFET 8"
1.300000e+00,8.306860e+01,8.305941e+01,8.308299e+01,8.308344e+01,8.306102e+01,8.306974e+01,6.922972e+01,7.007078e+01
