"Time / s","GaNFET 1","GaNFET 2","GaNFET 3","GaNFET 4","GaNFET 5","GaNFET 6","MOSFET 7","MOSFET 8"
1.300000e+00,3.129159e+01,3.129038e+01,3.129265e+01,3.129326e+01,3.129126e+01,3.129231e+01,2.875277e+01,2.968992e+01
