"Time / s","GaNFET 1","GaNFET 2","GaNFET 3","GaNFET 4","GaNFET 5","GaNFET 6","MOSFET 7","MOSFET 8"
1.300000e+00,9.089667e+01,9.089019e+01,9.091362e+01,9.091397e+01,9.089176e+01,9.089773e+01,7.465402e+01,7.556469e+01
