"Time / s","GaNFET 1","GaNFET 2","GaNFET 3","GaNFET 4","GaNFET 5","GaNFET 6","MOSFET 7","MOSFET 8"
1.300000e+00,9.170088e+01,9.169471e+01,9.171813e+01,9.171831e+01,9.169612e+01,9.170182e+01,7.519486e+01,7.611528e+01
