"Time / s","GaNFET 1","GaNFET 2","GaNFET 3","GaNFET 4","GaNFET 5","GaNFET 6","MOSFET 7","MOSFET 8"
1.300000e+00,3.182514e+01,3.182412e+01,3.182690e+01,3.182747e+01,3.182514e+01,3.182590e+01,2.917146e+01,3.011117e+01
