"Time / s","GaNFET 1","GaNFET 2","GaNFET 3","GaNFET 4","GaNFET 5","GaNFET 6","MOSFET 7","MOSFET 8"
1.300000e+00,3.292154e+01,3.292023e+01,3.292379e+01,3.292428e+01,3.292126e+01,3.292244e+01,3.003531e+01,3.096985e+01
