"Time / s","GaNFET 1","GaNFET 2","GaNFET 3","GaNFET 4","GaNFET 5","GaNFET 6","MOSFET 7","MOSFET 8"
1.300000e+00,3.462485e+01,3.462291e+01,3.462740e+01,3.462772e+01,3.462386e+01,3.462581e+01,3.138035e+01,3.231139e+01
