"Time / s","GaNFET 1","GaNFET 2","GaNFET 3","GaNFET 4","GaNFET 5","GaNFET 6","MOSFET 7","MOSFET 8"
1.300000e+00,3.577309e+01,3.577071e+01,3.577572e+01,3.577594e+01,3.577160e+01,3.577404e+01,3.229133e+01,3.321816e+01
