"Time / s","GaNFET 1","GaNFET 2","GaNFET 3","GaNFET 4","GaNFET 5","GaNFET 6","MOSFET 7","MOSFET 8"
1.300000e+00,3.634888e+01,3.634622e+01,3.635161e+01,3.635183e+01,3.634714e+01,3.634989e+01,3.275345e+01,3.368114e+01
