"Time / s","GaNFET 1","GaNFET 2","GaNFET 3","GaNFET 4","GaNFET 5","GaNFET 6","MOSFET 7","MOSFET 8"
1.300000e+00,3.692509e+01,3.692218e+01,3.692796e+01,3.692819e+01,3.692314e+01,3.692611e+01,3.321748e+01,3.414816e+01
