"Time / s","Input_power","Output_power","Losses","Efficency","Caps_losses","FL1_losses","HF1_losses","FL2_losses","HF2_losses","Bulkcap_losses","GaN_total_losses","GaN_switching_losses","GaN_ohmic_losses","L_losses","iTHD","Load_average1:16","Load_average1:17","Load_average1:18"
0,0,0,0,0,0,0,0,0,0,0,0,0,0,0,0,0,0,0
0.10000000000000001,537.64783902533895,209.51260936304848,4578.0243747009308,-361288695613761.69,4571.9189263336402,0.26162916585396395,0.013558637537891596,0.25796576832233897,0.013586283717155782,4571.5742415990871,3.4813973156036373,2.8299983636130297,0.65139895199435505,1.3545531296473945,3.6542467157424721,1.2690967505042334,0.00040116733071119564,1.2694979178317629
0.20000000000000001,-42.280146665801567,227.77926932124558,3.1963268366192459,-319632683662740,0.94192424991210288,0.0087093458107564137,0,0.0049882207334708871,0,0.8950520290617433,0.99059901724449806,0.94111701070754517,0.049482006540500993,1.2344022178480392,6.3310551323623718,0.028309463437112038,0.0010918881790577073,0.029401351616165854
