"Time / s","Input_power","Output_power","Losses","Efficency","Caps_losses","FL1_losses","HF1_losses","FL2_losses","HF2_losses","Bulkcap_losses","GaN_total_losses","GaN_switching_losses","GaN_ohmic_losses","L_losses","iTHD","Load_average1:16","Load_average1:17","Load_average1:18"
0,0,0,0,0,0,0,0,0,0,0,0,0,0,0,0,0,0,0
0.10000000000000001,537.44695400152295,258.09402071913161,4577.9936140719274,-358622126206201.94,4571.9093428155093,0.26139208081316856,0.01356341869667071,0.25771262884968271,0.013581719476984154,4571.5592050373452,3.4676677549919326,2.8163921106858845,0.65127564431124407,1.3473854331317039,3.5962413273101972,1.2688162359586965,0.00040184846334357629,1.2692180844153407
0.20000000000000001,-37.048284402669637,271.106642820106,3.0816934426513862,-308169344265190.56,0.90079033575068745,0.0088913113751538271,1.531400720426678e-06,0.0051977146604175947,0,0.85013059544577008,0.96951655941364523,0.91920355125858921,0.050313008155314823,1.1819029103703786,6.6933824093267997,0.028729515487681503,0.00075412162550857079,0.029483637113128222
0.30000000000000004,281.74557652522901,249.40991518828889,4.0511288222372066,98.436649668565295,0.82128841859695911,0.01360408206038154,0.00017240661275905422,0.010400840576509356,0.00012662001767534912,0.80015330510386629,2.1009174531953847,2.0306478974972832,0.070269555698309866,1.0620168693259691,1.8643941520619989,0.066180389312537849,0.00072569180967758235,0.066906081122247343
